[
  {
      "d": 0.3,
      "f": 11.04,
      "t": 1
  },
  {
      "d": 1.15,
      "f": 8.37,
      "t": 2
  },
  {
      "d": 4.1,
      "f": 17.54,
      "t": 3
  },
  {
      "d": 0.77,
      "f": 35.77,
      "t": 4
  },
  {
      "d": 2.98,
      "f": 17.43,
      "t": 5
  },
  {
      "d": 9.03,
      "f": 22.36,
      "t": 6
  },
  {
      "d": 5.83,
      "f": 6.67,
      "t": 7
  },
  {
      "d": 1.5,
      "f": 1.08,
      "t": 8
  },
  {
      "d": 1.49,
      "f": 46.24,
      "t": 9
  },
  {
      "d": 7.57,
      "f": 22.32,
      "t": 10
  }
]