[
  {
      "d": 8.83,
      "f": 35.36,
      "t": 1
  },
  {
      "d": 2.76,
      "f": 27.78,
      "t": 2
  },
  {
      "d": 6.79,
      "f": 44.45,
      "t": 3
  },
  {
      "d": 4.47,
      "f": 23.79,
      "t": 4
  },
  {
      "d": 2.77,
      "f": 5.45,
      "t": 5
  },
  {
      "d": 3.65,
      "f": 9.9,
      "t": 6
  },
  {
      "d": 3.17,
      "f": 4.07,
      "t": 7
  },
  {
      "d": 8.24,
      "f": 33.54,
      "t": 8
  },
  {
      "d": 4.33,
      "f": 35.25,
      "t": 9
  },
  {
      "d": 5.05,
      "f": 7.49,
      "t": 10
  }
]