[
  {
      "d": 6.47,
      "f": 3.8,
      "t": 1
  },
  {
      "d": 5.52,
      "f": 48.95,
      "t": 2
  },
  {
      "d": 3.01,
      "f": 23.13,
      "t": 3
  },
  {
      "d": 4.73,
      "f": 42,
      "t": 4
  },
  {
      "d": 2.71,
      "f": 20.18,
      "t": 5
  },
  {
      "d": 5.6,
      "f": 16.62,
      "t": 6
  },
  {
      "d": 7.71,
      "f": 26.95,
      "t": 7
  },
  {
      "d": 8.49,
      "f": 11.43,
      "t": 8
  },
  {
      "d": 8.61,
      "f": 14.94,
      "t": 9
  },
  {
      "d": 0.59,
      "f": 36.49,
      "t": 10
  }
]