{"IcoMoonType":"selection","icons":[{"icon":{"paths":["M554 554v-256h-84v256h84zM554 726v-86h-84v86h84zM512 86q176 0 301 125t125 301-125 301-301 125-301-125-125-301 125-301 301-125z"],"attrs":[],"isMulticolor":false,"isMulticolor2":false,"tags":["error"],"grid":24},"attrs":[],"properties":{"ligatures":"error","id":0,"order":46,"prevSize":24,"code":59690,"name":"error"},"setIdx":1,"setId":2,"iconIdx":0},{"icon":{"paths":["M512 854q140 0 241-101t101-241-101-241-241-101-241 101-101 241 101 241 241 101zM512 86q176 0 301 125t125 301-125 301-301 125-301-125-125-301 125-301 301-125zM470 298h84v256h-84v-256zM470 640h84v86h-84v-86z"],"attrs":[],"isMulticolor":false,"isMulticolor2":false,"tags":["error_outline"],"grid":24},"attrs":[],"properties":{"ligatures":"error_outline","id":1,"order":47,"prevSize":24,"code":59691,"name":"error_outline"},"setIdx":1,"setId":2,"iconIdx":1},{"icon":{"paths":["M554 598v-172h-84v172h84zM554 768v-86h-84v86h84zM42 896l470-810 470 810h-940z"],"attrs":[],"isMulticolor":false,"isMulticolor2":false,"tags":["warning","report_problem"],"grid":24},"attrs":[],"properties":{"ligatures":"warning, report_problem","id":2,"order":5,"prevSize":24,"code":59648,"name":"warning"},"setIdx":1,"setId":2,"iconIdx":2},{"icon":{"paths":["M554 256l364 256-364 256v-512zM170 768v-512l364 256z"],"attrs":[],"isMulticolor":false,"isMulticolor2":false,"tags":["fast_forward"],"grid":24},"attrs":[],"properties":{"ligatures":"fast_forward","id":10,"order":90,"prevSize":24,"code":59703,"name":"fast_forward"},"setIdx":1,"setId":2,"iconIdx":10},{"icon":{"paths":["M490 512l364-256v512zM470 768l-364-256 364-256v512z"],"attrs":[],"isMulticolor":false,"isMulticolor2":false,"tags":["fast_rewind"],"grid":24},"attrs":[],"properties":{"ligatures":"fast_rewind","id":11,"order":91,"prevSize":24,"code":59733,"name":"fast_rewind"},"setIdx":1,"setId":2,"iconIdx":11},{"icon":{"paths":["M512 768v-128l170 170-170 172v-128q-140 0-241-101t-101-241q0-100 54-182l62 62q-30 54-30 120 0 106 75 181t181 75zM512 170q140 0 241 101t101 241q0 100-54 182l-62-62q30-54 30-120 0-106-75-181t-181-75v128l-170-170 170-172v128z"],"attrs":[],"isMulticolor":false,"isMulticolor2":false,"tags":["loop","sync"],"grid":24},"attrs":[],"properties":{"ligatures":"loop, sync","id":15,"order":23,"prevSize":24,"code":59649,"name":"loop"},"setIdx":1,"setId":2,"iconIdx":15},{"icon":{"paths":["M810 470v-86h-170v-170h-86v170h-170v86h170v170h86v-170h170zM854 86q34 0 59 25t25 59v512q0 34-25 60t-59 26h-512q-34 0-60-26t-26-60v-512q0-34 26-59t60-25h512zM170 256v598h598v84h-598q-34 0-59-25t-25-59v-598h84z"],"attrs":[],"isMulticolor":false,"isMulticolor2":false,"tags":["library_add","queue","add_to_photos"],"grid":24},"attrs":[],"properties":{"ligatures":"library_add, queue, add_to_photos","id":20,"order":112,"prevSize":24,"code":59751,"name":"library_add"},"setIdx":1,"setId":2,"iconIdx":20},{"icon":{"paths":["M782 722q72-90 72-210 0-140-101-241t-241-101q-48 0-110 21t-100 51zM512 854q48 0 110-21t100-51l-480-480q-72 90-72 210 0 140 101 241t241 101zM512 86q176 0 301 125t125 301-125 301-301 125-301-125-125-301 125-301 301-125z"],"attrs":[],"isMulticolor":false,"isMulticolor2":false,"tags":["not_interested","do_not_disturb"],"grid":24},"attrs":[],"properties":{"ligatures":"not_interested, do_not_disturb","id":24,"order":113,"prevSize":24,"code":59752,"name":"not_interested"},"setIdx":1,"setId":2,"iconIdx":24},{"icon":{"paths":["M598 214h170v596h-170v-596zM256 810v-596h170v596h-170z"],"attrs":[],"isMulticolor":false,"isMulticolor2":false,"tags":["pause"],"grid":24},"attrs":[],"properties":{"ligatures":"pause","id":25,"order":105,"prevSize":24,"code":59746,"name":"pause"},"setIdx":1,"setId":2,"iconIdx":25},{"icon":{"paths":["M342 214l468 298-468 298v-596z"],"attrs":[],"isMulticolor":false,"isMulticolor2":false,"tags":["play_arrow"],"grid":24},"attrs":[],"properties":{"ligatures":"play_arrow","id":28,"order":51,"prevSize":24,"code":59695,"name":"play_arrow"},"setIdx":1,"setId":2,"iconIdx":28},{"icon":{"paths":["M512 214q142 0 242 100t100 240q0 142-101 242t-241 100-241-100-101-242h86q0 106 75 181t181 75 181-75 75-181-75-181-181-75v172l-214-214 214-214v172z"],"attrs":[],"isMulticolor":false,"isMulticolor2":false,"tags":["replay"],"grid":24},"attrs":[],"properties":{"ligatures":"replay","id":37,"order":107,"prevSize":24,"code":59747,"name":"replay"},"setIdx":1,"setId":2,"iconIdx":37},{"icon":{"paths":["M682 256h86v512h-86v-512zM256 768v-512l362 256z"],"attrs":[],"isMulticolor":false,"isMulticolor2":false,"tags":["skip_next"],"grid":24},"attrs":[],"properties":{"ligatures":"skip_next","id":39,"order":108,"prevSize":24,"code":59749,"name":"skip_next"},"setIdx":1,"setId":2,"iconIdx":39},{"icon":{"paths":["M406 512l362-256v512zM256 256h86v512h-86v-512z"],"attrs":[],"isMulticolor":false,"isMulticolor2":false,"tags":["skip_previous"],"grid":24},"attrs":[],"properties":{"ligatures":"skip_previous","id":40,"order":109,"prevSize":24,"code":59750,"name":"skip_previous"},"setIdx":1,"setId":2,"iconIdx":40},{"icon":{"paths":["M384 470v-86h256v76l-154 180h154v86h-256v-78l154-178h-154zM512 854q124 0 211-88t87-212-87-211-211-87-211 87-87 211 87 212 211 88zM512 170q160 0 272 113t112 271-112 271-272 113-272-113-112-271 112-271 272-113zM938 244l-54 66-196-166 54-64zM336 144l-196 164-54-64 196-164z"],"attrs":[],"isMulticolor":false,"isMulticolor2":false,"tags":["snooze"],"grid":24},"attrs":[],"properties":{"ligatures":"snooze","id":41,"order":121,"prevSize":24,"code":59753,"name":"snooze"},"setIdx":1,"setId":2,"iconIdx":41},{"icon":{"paths":["M256 256h512v512h-512v-512z"],"attrs":[],"isMulticolor":false,"isMulticolor2":false,"tags":["stop"],"grid":24},"attrs":[],"properties":{"ligatures":"stop","id":42,"order":106,"prevSize":24,"code":59748,"name":"stop"},"setIdx":1,"setId":2,"iconIdx":42},{"icon":{"paths":["M512 170v180l-90-90zM182 128l714 714-54 54-88-88q-66 56-156 78v-88q50-14 96-50l-182-182v288l-214-214h-170v-256h202l-202-202zM810 512q0-102-59-180t-153-106v-88q130 28 214 133t84 241q0 94-44 178l-64-66q22-54 22-112zM704 512q0 18-2 26l-104-104v-94q44 22 75 72t31 100z"],"attrs":[],"isMulticolor":false,"isMulticolor2":false,"tags":["volume_off"],"grid":24},"attrs":[],"properties":{"ligatures":"volume_off","id":50,"order":122,"prevSize":24,"code":59754,"name":"volume_off"},"setIdx":1,"setId":2,"iconIdx":50},{"icon":{"paths":["M598 138q130 28 214 133t84 241-84 241-214 133v-88q94-28 153-106t59-180-59-180-153-106v-88zM704 512q0 120-106 172v-344q44 22 75 72t31 100zM128 384h170l214-214v684l-214-214h-170v-256z"],"attrs":[],"isMulticolor":false,"isMulticolor2":false,"tags":["volume_up"],"grid":24},"attrs":[],"properties":{"ligatures":"volume_up","id":51,"order":123,"prevSize":24,"code":59755,"name":"volume_up"},"setIdx":1,"setId":2,"iconIdx":51},{"icon":{"paths":["M640 234v236h234zM938 426v342q0 34-25 59t-59 25l-684 2q-34 0-59-26t-25-60v-512q0-34 25-60t59-26h512z"],"attrs":[],"isMulticolor":false,"isMulticolor2":false,"tags":["note"],"grid":24},"attrs":[],"properties":{"ligatures":"note","id":81,"order":124,"prevSize":24,"code":59756,"name":"note"},"setIdx":1,"setId":2,"iconIdx":81},{"icon":{"paths":["M384 512q0-52 38-90t90-38 90 38 38 90-38 90-90 38-90-38-38-90zM236 360l76 76-76 76 76 76-76 76-150-152zM360 788l76-76 76 76 76-76 76 76-152 150zM788 664l-76-76 76-76-76-76 76-76 150 152zM664 236l-76 76-76-76-76 76-76-76 152-150z"],"attrs":[],"isMulticolor":false,"isMulticolor2":false,"tags":["control_camera"],"grid":24},"attrs":[],"properties":{"ligatures":"control_camera","id":86,"order":99,"prevSize":24,"code":59740,"name":"control_camera"},"setIdx":1,"setId":2,"iconIdx":86},{"icon":{"paths":["M854 656q18 0 30 12t12 30v148q0 50-42 50-298 0-512-214t-214-512q0-42 50-42h148q18 0 30 12t12 30q0 78 24 150 8 26-10 44l-82 72q92 192 294 290l66-84q12-12 30-12 10 0 14 2 72 24 150 24z"],"attrs":[],"isMulticolor":false,"isMulticolor2":false,"tags":["call"],"grid":24},"attrs":[],"properties":{"ligatures":"call","id":88,"order":125,"prevSize":24,"code":59757,"name":"call"},"setIdx":1,"setId":2,"iconIdx":88},{"icon":{"paths":["M512 384q-104 0-196 30v132q0 30-24 40-64 30-114 78-12 12-30 12t-30-12l-106-106q-12-12-12-30t12-30q210-200 500-200t500 200q12 12 12 30t-12 30l-106 106q-12 12-30 12t-30-12q-44-42-114-78-24-10-24-38v-132q-100-32-196-32z"],"attrs":[],"isMulticolor":false,"isMulticolor2":false,"tags":["call_end"],"grid":24},"attrs":[],"properties":{"ligatures":"call_end","id":89,"order":126,"prevSize":24,"code":59758,"name":"call_end"},"setIdx":1,"setId":2,"iconIdx":89},{"icon":{"paths":["M298 298h598v86h-598v-86zM128 726v-86h598v86h-598zM214 554v-84h596v84h-596z"],"attrs":[],"isMulticolor":false,"isMulticolor2":false,"tags":["clear_all"],"grid":24},"attrs":[],"properties":{"ligatures":"clear_all","id":96,"order":56,"prevSize":24,"code":59700,"name":"clear_all"},"setIdx":1,"setId":2,"iconIdx":96},{"icon":{"paths":["M768 342v-86h-512v86h512zM768 470v-86h-512v86h512zM768 598v-86h-512v86h512zM938 170v768l-170-170h-598q-34 0-59-26t-25-60v-512q0-34 25-59t59-25h684q34 0 59 25t25 59z"],"attrs":[],"isMulticolor":false,"isMulticolor2":false,"tags":["comment"],"grid":24},"attrs":[],"properties":{"ligatures":"comment","id":97,"order":133,"prevSize":24,"code":59759,"name":"comment"},"setIdx":1,"setId":2,"iconIdx":97},{"icon":{"paths":["M854 342v-86l-342 214-342-214v86l342 212zM854 170q34 0 59 26t25 60v512q0 34-25 60t-59 26h-684q-34 0-59-26t-25-60v-512q0-34 25-60t59-26h684z"],"attrs":[],"isMulticolor":false,"isMulticolor2":false,"tags":["email","mail","markunread","local_post_office"],"grid":24},"attrs":[],"properties":{"ligatures":"email, mail, markunread, local_post_office","id":101,"order":127,"prevSize":24,"code":59760,"name":"email"},"setIdx":1,"setId":2,"iconIdx":101},{"icon":{"paths":["M854 86q34 0 59 25t25 59v512q0 34-25 60t-59 26h-598l-170 170v-768q0-34 25-59t59-25h684z"],"attrs":[],"isMulticolor":false,"isMulticolor2":false,"tags":["chat_bubble"],"grid":24},"attrs":[],"properties":{"ligatures":"chat_bubble","id":109,"order":131,"prevSize":24,"code":59761,"name":"chat_bubble"},"setIdx":1,"setId":2,"iconIdx":109},{"icon":{"paths":["M298 598q34 0 60-26t26-60-26-60-60-26-59 26-25 60 25 60 59 26zM540 426h442v172h-86v170h-170v-170h-186q-26 70-97 120t-145 50q-106 0-181-75t-75-181 75-181 181-75q74 0 145 50t97 120z"],"attrs":[],"isMulticolor":false,"isMulticolor2":false,"tags":["vpn_key"],"grid":24},"attrs":[],"properties":{"ligatures":"vpn_key","id":123,"order":145,"prevSize":24,"code":59762,"name":"vpn_key"},"setIdx":1,"setId":2,"iconIdx":123},{"icon":{"paths":["M512 470l342-214h-684zM854 768v-426l-342 212-342-212v426h684zM854 170q34 0 59 26t25 60v512q0 34-25 60t-59 26h-684q-34 0-59-26t-25-60v-512q0-34 25-60t59-26h684z"],"attrs":[],"isMulticolor":false,"isMulticolor2":false,"tags":["mail_outline"],"grid":24},"attrs":[],"properties":{"ligatures":"mail_outline","id":130,"order":128,"prevSize":24,"code":59763,"name":"mail_outline"},"setIdx":1,"setId":2,"iconIdx":130},{"icon":{"paths":["M512 640q52 0 90-38t38-90-38-90-90-38-90 38-38 90 38 90 90 38zM512 86q176 0 301 125t125 301v62q0 64-43 108t-105 44q-78 0-126-64-64 64-152 64t-151-63-63-151 63-151 151-63 151 63 63 151v62q0 26 19 46t45 20 45-20 19-46v-62q0-140-101-241t-241-101-241 101-101 241 101 241 241 101h214v84h-214q-176 0-301-125t-125-301 125-301 301-125z"],"attrs":[],"isMulticolor":false,"isMulticolor2":false,"tags":["alternate_email"],"grid":24},"attrs":[],"properties":{"ligatures":"alternate_email","id":135,"order":129,"prevSize":24,"code":59764,"name":"alternate_email"},"setIdx":1,"setId":2,"iconIdx":135},{"icon":{"paths":["M512 746q-74 0-133-41t-85-107h70q50 84 148 84t148-84h70q-26 66-85 107t-133 41zM512 854q140 0 241-101t101-241-101-241-241-101-241 101-101 241 101 241 241 101zM512 86q176 0 301 125t125 301-125 301-301 125-301-125-125-301 125-301 301-125zM362 470q-26 0-45-19t-19-45 19-45 45-19 45 19 19 45-19 45-45 19zM662 470q-26 0-45-19t-19-45 19-45 45-19 45 19 19 45-19 45-45 19z"],"attrs":[],"isMulticolor":false,"isMulticolor2":false,"tags":["sentiment_satisfied_alt"],"grid":24},"attrs":[],"properties":{"ligatures":"sentiment_satisfied_alt","id":142,"order":150,"prevSize":24,"code":59765,"name":"sentiment_satisfied_alt"},"setIdx":1,"setId":2,"iconIdx":142},{"icon":{"paths":["M810 554h-256v256h-84v-256h-256v-84h256v-256h84v256h256v84z"],"attrs":[],"isMulticolor":false,"isMulticolor2":false,"tags":["add"],"grid":24},"attrs":[],"properties":{"ligatures":"add","id":146,"order":34,"prevSize":24,"code":59650,"name":"add"},"setIdx":1,"setId":2,"iconIdx":146},{"icon":{"paths":["M726 554v-84h-172v-172h-84v172h-172v84h172v172h84v-172h172zM810 128q34 0 60 26t26 60v596q0 34-26 60t-60 26h-596q-36 0-61-25t-25-61v-596q0-36 25-61t61-25h596z"],"attrs":[],"isMulticolor":false,"isMulticolor2":false,"tags":["add_box"],"grid":24},"attrs":[],"properties":{"ligatures":"add_box","id":147,"order":53,"prevSize":24,"code":59697,"name":"add_box"},"setIdx":1,"setId":2,"iconIdx":147},{"icon":{"paths":["M726 554v-84h-172v-172h-84v172h-172v84h172v172h84v-172h172zM512 86q176 0 301 125t125 301-125 301-301 125-301-125-125-301 125-301 301-125z"],"attrs":[],"isMulticolor":false,"isMulticolor2":false,"tags":["add_circle"],"grid":24},"attrs":[],"properties":{"ligatures":"add_circle","id":148,"order":110,"prevSize":24,"code":59766,"name":"add_circle"},"setIdx":1,"setId":2,"iconIdx":148},{"icon":{"paths":["M512 854q140 0 241-101t101-241-101-241-241-101-241 101-101 241 101 241 241 101zM512 86q176 0 301 125t125 301-125 301-301 125-301-125-125-301 125-301 301-125zM554 298v172h172v84h-172v172h-84v-172h-172v-84h172v-172h84z"],"attrs":[],"isMulticolor":false,"isMulticolor2":false,"tags":["add_circle_outline","control_point"],"grid":24},"attrs":[],"properties":{"ligatures":"add_circle_outline, control_point","id":149,"order":111,"prevSize":24,"code":59767,"name":"add_circle_outline"},"setIdx":1,"setId":2,"iconIdx":149},{"icon":{"paths":["M810 274l-238 238 238 238-60 60-238-238-238 238-60-60 238-238-238-238 60-60 238 238 238-238z"],"attrs":[],"isMulticolor":false,"isMulticolor2":false,"tags":["clear","close"],"grid":24},"attrs":[],"properties":{"ligatures":"clear, close","id":153,"order":28,"prevSize":24,"code":59651,"name":"clear"},"setIdx":1,"setId":2,"iconIdx":153},{"icon":{"paths":["M810 896v-598h-468v598h468zM810 214q34 0 60 25t26 59v598q0 34-26 60t-60 26h-468q-34 0-60-26t-26-60v-598q0-34 26-59t60-25h468zM682 42v86h-512v598h-84v-598q0-34 25-60t59-26h512z"],"attrs":[],"isMulticolor":false,"isMulticolor2":false,"tags":["content_copy"],"grid":24},"attrs":[],"properties":{"ligatures":"content_copy","id":154,"order":191,"prevSize":24,"code":59797,"name":"content_copy"},"setIdx":1,"setId":2,"iconIdx":154},{"icon":{"paths":["M810 128h128v42l-298 300-86-86zM512 534q22 0 22-22t-22-22-22 22 22 22zM256 854q34 0 60-25t26-61-26-61-60-25-60 25-26 61 26 61 60 25zM256 342q34 0 60-25t26-61-26-61-60-25-60 25-26 61 26 61 60 25zM412 326l526 528v42h-128l-298-298-100 100q14 30 14 70 0 70-50 120t-120 50-120-50-50-120 50-120 120-50q40 0 70 14l100-100-100-100q-30 14-70 14-70 0-120-50t-50-120 50-120 120-50 120 50 50 120q0 40-14 70z"],"attrs":[],"isMulticolor":false,"isMulticolor2":false,"tags":["content_cut"],"grid":24},"attrs":[],"properties":{"ligatures":"content_cut","id":155,"order":192,"prevSize":24,"code":59798,"name":"content_cut"},"setIdx":1,"setId":2,"iconIdx":155},{"icon":{"paths":["M810 854v-684h-84v128h-428v-128h-84v684h596zM512 86q-18 0-30 12t-12 30 12 30 30 12 30-12 12-30-12-30-30-12zM810 86q34 0 60 25t26 59v684q0 34-26 59t-60 25h-596q-34 0-60-25t-26-59v-684q0-34 26-59t60-25h178q14-38 46-62t74-24 74 24 46 62h178z"],"attrs":[],"isMulticolor":false,"isMulticolor2":false,"tags":["content_paste"],"grid":24},"attrs":[],"properties":{"ligatures":"content_paste","id":156,"order":193,"prevSize":24,"code":59821,"name":"content_paste"},"setIdx":1,"setId":2,"iconIdx":156},{"icon":{"paths":["M884 300l-78 78-160-160 78-78q12-12 30-12t30 12l100 100q12 12 12 30t-12 30zM128 736l472-472 160 160-472 472h-160v-160z"],"attrs":[],"isMulticolor":false,"isMulticolor2":false,"tags":["create","mode_edit","edit"],"grid":24},"attrs":[],"properties":{"ligatures":"create, mode_edit, edit","id":157,"order":48,"prevSize":24,"code":59692,"name":"edit"},"setIdx":1,"setId":2,"iconIdx":157},{"icon":{"paths":["M726 298q88 0 150 63t62 151-62 151-150 63h-172v-82h172q54 0 93-39t39-93-39-93-93-39h-172v-82h172zM342 554v-84h340v84h-340zM166 512q0 54 39 93t93 39h172v82h-172q-88 0-150-63t-62-151 62-151 150-63h172v82h-172q-54 0-93 39t-39 93z"],"attrs":[],"isMulticolor":false,"isMulticolor2":false,"tags":["link","insert_link"],"grid":24},"attrs":[],"properties":{"ligatures":"link, insert_link","id":164,"order":73,"prevSize":24,"code":59712,"name":"link"},"setIdx":1,"setId":2,"iconIdx":164},{"icon":{"paths":["M786 452l152-154v384h-384l156-154q-96-80-220-80-102 0-197 68t-127 166l-100-32q44-136 161-222t263-86q170 0 296 110z"],"attrs":[],"isMulticolor":false,"isMulticolor2":false,"tags":["redo"],"grid":24},"attrs":[],"properties":{"ligatures":"redo","id":165,"order":80,"prevSize":24,"code":59720,"name":"redo"},"setIdx":1,"setId":2,"iconIdx":165},{"icon":{"paths":["M810 554h-596v-84h596v84z"],"attrs":[],"isMulticolor":false,"isMulticolor2":false,"tags":["remove"],"grid":24},"attrs":[],"properties":{"ligatures":"remove","id":166,"order":78,"prevSize":24,"code":59721,"name":"remove"},"setIdx":1,"setId":2,"iconIdx":166},{"icon":{"paths":["M726 554v-84h-428v84h428zM512 86q176 0 301 125t125 301-125 301-301 125-301-125-125-301 125-301 301-125z"],"attrs":[],"isMulticolor":false,"isMulticolor2":false,"tags":["remove_circle","do_not_disturb_on"],"grid":24},"attrs":[],"properties":{"ligatures":"remove_circle, do_not_disturb_on","id":167,"order":85,"prevSize":24,"code":59728,"name":"remove_circle"},"setIdx":1,"setId":2,"iconIdx":167},{"icon":{"paths":["M512 854q140 0 241-101t101-241-101-241-241-101-241 101-101 241 101 241 241 101zM512 86q176 0 301 125t125 301-125 301-301 125-301-125-125-301 125-301 301-125zM298 470h428v84h-428v-84z"],"attrs":[],"isMulticolor":false,"isMulticolor2":false,"tags":["remove_circle_outline"],"grid":24},"attrs":[],"properties":{"ligatures":"remove_circle_outline","id":168,"order":86,"prevSize":24,"code":59729,"name":"remove_circle_outline"},"setIdx":1,"setId":2,"iconIdx":168},{"icon":{"paths":["M86 896v-298l640-86-640-86v-298l896 384z"],"attrs":[],"isMulticolor":false,"isMulticolor2":false,"tags":["send"],"grid":24},"attrs":[],"properties":{"ligatures":"send","id":174,"order":130,"prevSize":24,"code":59768,"name":"send"},"setIdx":1,"setId":2,"iconIdx":174},{"icon":{"paths":["M534 342q146 0 262 86t162 222l-100 32q-34-104-123-169t-201-65q-124 0-220 80l156 154h-384v-384l152 154q126-110 296-110z"],"attrs":[],"isMulticolor":false,"isMulticolor2":false,"tags":["undo"],"grid":24},"attrs":[],"properties":{"ligatures":"undo","id":177,"order":79,"prevSize":24,"code":59722,"name":"undo"},"setIdx":1,"setId":2,"iconIdx":177},{"icon":{"paths":["M680 790h90l-218-556h-80l-218 556h90l48-128h240zM854 86q34 0 59 25t25 59v684q0 34-25 59t-59 25h-684q-34 0-59-25t-25-59v-684q0-34 25-59t59-25h684zM424 576l88-236 88 236h-176z"],"attrs":[],"isMulticolor":false,"isMulticolor2":false,"tags":["font_download"],"grid":24},"attrs":[],"properties":{"ligatures":"font_download","id":178,"order":82,"prevSize":24,"code":59726,"name":"font_download"},"setIdx":1,"setId":2,"iconIdx":178},{"icon":{"paths":["M512 854q124 0 211-88t87-212-87-211-211-87-211 87-87 211 87 212 211 88zM512 170q160 0 272 113t112 271-112 271-272 113-272-113-112-271 112-271 272-113zM534 342v224l170 100-32 52-202-120v-256h64zM336 144l-196 164-54-64 196-164zM938 244l-54 66-196-166 54-64z"],"attrs":[],"isMulticolor":false,"isMulticolor2":false,"tags":["access_alarm","alarm"],"grid":24},"attrs":[],"properties":{"ligatures":"access_alarm, alarm","id":197,"order":135,"prevSize":24,"code":59769,"name":"access_alarm"},"setIdx":1,"setId":2,"iconIdx":197},{"icon":{"paths":["M534 298v224l192 114-32 54-224-136v-256h64zM512 854q140 0 241-101t101-241-101-241-241-101-241 101-101 241 101 241 241 101zM512 86q176 0 301 125t125 301-125 301-301 125-301-125-125-301 125-301 301-125z"],"attrs":[],"isMulticolor":false,"isMulticolor2":false,"tags":["access_time","query_builder","schedule"],"grid":24},"attrs":[],"properties":{"ligatures":"access_time, query_builder, schedule","id":199,"order":31,"prevSize":24,"code":59652,"name":"access_time"},"setIdx":1,"setId":2,"iconIdx":199},{"icon":{"paths":["M640 214v-86h86v86h-86zM640 554v-84h86v84h-86zM640 896v-86h86v86h-86zM470 214v-86h84v86h-84zM810 128h86v86h-86v-86zM470 384v-86h84v86h-84zM810 384v-86h86v86h-86zM810 896v-86h86v86h-86zM810 554v-84h86v84h-86zM810 726v-86h86v86h-86zM470 554v-84h84v84h-84zM128 214v-86h86v86h-86zM128 384v-86h86v86h-86zM128 554v-84h86v84h-86zM128 726v-86h86v86h-86zM128 896v-86h86v86h-86zM470 896v-86h84v86h-84zM470 726v-86h84v86h-84zM298 896v-86h86v86h-86zM298 554v-84h86v84h-86zM298 214v-86h86v86h-86z"],"attrs":[],"isMulticolor":false,"isMulticolor2":false,"tags":["border_clear"],"grid":24},"attrs":[],"properties":{"ligatures":"border_clear","id":254,"order":58,"prevSize":24,"code":59701,"name":"border_clear"},"setIdx":1,"setId":2,"iconIdx":254},{"icon":{"paths":["M128 128h768v86h-768v-86zM298 298h428v86h-428v-86zM128 554v-84h768v84h-768zM128 896v-86h768v86h-768zM298 640h428v86h-428v-86z"],"attrs":[],"isMulticolor":false,"isMulticolor2":false,"tags":["format_align_center"],"grid":24},"attrs":[],"properties":{"ligatures":"format_align_center","id":264,"order":179,"prevSize":24,"code":59820,"name":"format_align_center"},"setIdx":1,"setId":2,"iconIdx":264},{"icon":{"paths":["M128 128h768v86h-768v-86zM128 384v-86h768v86h-768zM128 554v-84h768v84h-768zM128 726v-86h768v86h-768zM128 896v-86h768v86h-768z"],"attrs":[],"isMulticolor":false,"isMulticolor2":false,"tags":["format_align_justify"],"grid":24},"attrs":[],"properties":{"ligatures":"format_align_justify","id":265,"order":67,"prevSize":24,"code":59704,"name":"format_align_justify"},"setIdx":1,"setId":2,"iconIdx":265},{"icon":{"paths":["M128 128h768v86h-768v-86zM128 896v-86h768v86h-768zM128 554v-84h768v84h-768zM640 298v86h-512v-86h512zM640 640v86h-512v-86h512z"],"attrs":[],"isMulticolor":false,"isMulticolor2":false,"tags":["format_align_left"],"grid":24},"attrs":[],"properties":{"ligatures":"format_align_left","id":266,"order":66,"prevSize":24,"code":59705,"name":"format_align_left"},"setIdx":1,"setId":2,"iconIdx":266},{"icon":{"paths":["M128 128h768v86h-768v-86zM384 384v-86h512v86h-512zM128 554v-84h768v84h-768zM384 726v-86h512v86h-512zM128 896v-86h768v86h-768z"],"attrs":[],"isMulticolor":false,"isMulticolor2":false,"tags":["format_align_right"],"grid":24},"attrs":[],"properties":{"ligatures":"format_align_right","id":267,"order":65,"prevSize":24,"code":59706,"name":"format_align_right"},"setIdx":1,"setId":2,"iconIdx":267},{"icon":{"paths":["M576 662q28 0 46-19t18-45-18-45-46-19h-150v128h150zM426 278v128h128q26 0 45-19t19-45-19-45-45-19h-128zM666 460q92 42 92 146 0 68-45 115t-113 47h-302v-598h268q72 0 121 50t49 122-70 118z"],"attrs":[],"isMulticolor":false,"isMulticolor2":false,"tags":["format_bold"],"grid":24},"attrs":[],"properties":{"ligatures":"format_bold","id":268,"order":60,"prevSize":24,"code":59707,"name":"format_bold"},"setIdx":1,"setId":2,"iconIdx":268},{"icon":{"paths":["M256 214h598v128h-248l-68 160-90-88 30-72h-102l-120-120v-8zM140 214l12 10 616 618-54 54-242-242-66 156h-128l104-246-296-296z"],"attrs":[],"isMulticolor":false,"isMulticolor2":false,"tags":["format_clear"],"grid":24},"attrs":[],"properties":{"ligatures":"format_clear","id":269,"order":57,"prevSize":24,"code":59702,"name":"format_clear"},"setIdx":1,"setId":2,"iconIdx":269},{"icon":{"paths":["M470 554v-84h426v84h-426zM470 384v-86h426v86h-426zM128 128h768v86h-768v-86zM128 896v-86h768v86h-768zM128 512l170-170v340zM470 726v-86h426v86h-426z"],"attrs":[],"isMulticolor":false,"isMulticolor2":false,"tags":["format_indent_decrease"],"grid":24},"attrs":[],"properties":{"ligatures":"format_indent_decrease","id":273,"order":76,"prevSize":24,"code":59723,"name":"format_indent_decrease"},"setIdx":1,"setId":2,"iconIdx":273},{"icon":{"paths":["M470 554v-84h426v84h-426zM470 384v-86h426v86h-426zM128 128h768v86h-768v-86zM470 726v-86h426v86h-426zM128 342l170 170-170 170v-340zM128 896v-86h768v86h-768z"],"attrs":[],"isMulticolor":false,"isMulticolor2":false,"tags":["format_indent_increase"],"grid":24},"attrs":[],"properties":{"ligatures":"format_indent_increase","id":274,"order":77,"prevSize":24,"code":59724,"name":"format_indent_increase"},"setIdx":1,"setId":2,"iconIdx":274},{"icon":{"paths":["M426 170h342v128h-120l-144 342h94v128h-342v-128h120l144-342h-94v-128z"],"attrs":[],"isMulticolor":false,"isMulticolor2":false,"tags":["format_italic"],"grid":24},"attrs":[],"properties":{"ligatures":"format_italic","id":275,"order":68,"prevSize":24,"code":59713,"name":"format_italic"},"setIdx":1,"setId":2,"iconIdx":275},{"icon":{"paths":["M298 214h598v84h-598v-84zM298 554v-84h598v84h-598zM298 810v-84h598v84h-598zM170 704q26 0 45 19t19 45-19 45-45 19-45-19-19-45 19-45 45-19zM170 192q26 0 45 18t19 46-19 46-45 18-45-18-19-46 19-46 45-18zM170 448q26 0 45 18t19 46-19 46-45 18-45-18-19-46 19-46 45-18z"],"attrs":[],"isMulticolor":false,"isMulticolor2":false,"tags":["format_list_bulleted"],"grid":24},"attrs":[],"properties":{"ligatures":"format_list_bulleted","id":277,"order":61,"prevSize":24,"code":59708,"name":"format_list_bulleted"},"setIdx":1,"setId":2,"iconIdx":277},{"icon":{"paths":["M298 554v-84h598v84h-598zM298 810v-84h598v84h-598zM298 214h598v84h-598v-84zM86 470v-44h128v40l-78 88h78v44h-128v-40l76-88h-76zM128 342v-128h-42v-44h84v172h-42zM86 726v-44h128v172h-128v-44h84v-20h-42v-44h42v-20h-84z"],"attrs":[],"isMulticolor":false,"isMulticolor2":false,"tags":["format_list_numbered"],"grid":24},"attrs":[],"properties":{"ligatures":"format_list_numbered","id":278,"order":62,"prevSize":24,"code":59709,"name":"format_list_numbered"},"setIdx":1,"setId":2,"iconIdx":278},{"icon":{"paths":["M598 726l84-172h-128v-256h256v256l-84 172h-128zM256 726l86-172h-128v-256h256v256l-86 172h-128z"],"attrs":[],"isMulticolor":false,"isMulticolor2":false,"tags":["format_quote"],"grid":24},"attrs":[],"properties":{"ligatures":"format_quote","id":280,"order":63,"prevSize":24,"code":59710,"name":"format_quote"},"setIdx":1,"setId":2,"iconIdx":280},{"icon":{"paths":["M128 512v-128h384v128h-128v298h-128v-298h-128zM384 170h554v128h-212v512h-128v-512h-214v-128z"],"attrs":[],"isMulticolor":false,"isMulticolor2":false,"tags":["format_size"],"grid":24},"attrs":[],"properties":{"ligatures":"format_size","id":281,"order":64,"prevSize":24,"code":59711,"name":"format_size"},"setIdx":1,"setId":2,"iconIdx":281},{"icon":{"paths":["M128 598v-86h768v86h-768zM214 170h596v128h-212v128h-172v-128h-212v-128zM426 810v-128h172v128h-172z"],"attrs":[],"isMulticolor":false,"isMulticolor2":false,"tags":["format_strikethrough"],"grid":24},"attrs":[],"properties":{"ligatures":"format_strikethrough","id":282,"order":69,"prevSize":24,"code":59714,"name":"format_strikethrough"},"setIdx":1,"setId":2,"iconIdx":282},{"icon":{"paths":["M214 810h596v86h-596v-86zM512 726q-106 0-181-75t-75-181v-342h106v342q0 62 44 105t106 43 106-43 44-105v-342h106v342q0 106-75 181t-181 75z"],"attrs":[],"isMulticolor":false,"isMulticolor2":false,"tags":["format_underlined"],"grid":24},"attrs":[],"properties":{"ligatures":"format_underlined","id":285,"order":70,"prevSize":24,"code":59715,"name":"format_underlined"},"setIdx":1,"setId":2,"iconIdx":285},{"icon":{"paths":["M768 342v-86h-512v86h512zM768 470v-86h-512v86h512zM768 598v-86h-512v86h512zM854 86q34 0 59 25t25 59v768l-170-170h-598q-34 0-59-26t-25-60v-512q0-34 25-59t59-25h684z"],"attrs":[],"isMulticolor":false,"isMulticolor2":false,"tags":["insert_comment"],"grid":24},"attrs":[],"properties":{"ligatures":"insert_comment","id":288,"order":134,"prevSize":24,"code":59770,"name":"insert_comment"},"setIdx":1,"setId":2,"iconIdx":288},{"icon":{"paths":["M512 746q-74 0-133-41t-85-107h436q-26 66-85 107t-133 41zM362 470q-26 0-45-19t-19-45 19-45 45-19 45 19 19 45-19 45-45 19zM662 470q-26 0-45-19t-19-45 19-45 45-19 45 19 19 45-19 45-45 19zM512 854q140 0 241-101t101-241-101-241-241-101-241 101-101 241 101 241 241 101zM512 86q176 0 301 125t125 301-125 301-301 125-301-125-125-301 125-301 301-125z"],"attrs":[],"isMulticolor":false,"isMulticolor2":false,"tags":["insert_emoticon","tag_faces","mood"],"grid":24},"attrs":[],"properties":{"ligatures":"insert_emoticon, tag_faces, mood","id":290,"order":148,"prevSize":24,"code":59771,"name":"insert_emoticon"},"setIdx":1,"setId":2,"iconIdx":290},{"icon":{"paths":["M938 170v768l-170-170h-598q-34 0-59-26t-25-60v-512q0-34 25-59t59-25h684q34 0 59 25t25 59z"],"attrs":[],"isMulticolor":false,"isMulticolor2":false,"tags":["mode_comment"],"grid":24},"attrs":[],"properties":{"ligatures":"mode_comment","id":293,"order":132,"prevSize":24,"code":59772,"name":"mode_comment"},"setIdx":1,"setId":2,"iconIdx":293},{"icon":{"paths":["M170 810h684v86h-684v-86zM682 554l-170 172-170-172h128v-426h84v426h128z"],"attrs":[],"isMulticolor":false,"isMulticolor2":false,"tags":["vertical_align_bottom"],"grid":24},"attrs":[],"properties":{"ligatures":"vertical_align_bottom","id":297,"order":71,"prevSize":24,"code":59716,"name":"vertical_align_bottom"},"setIdx":1,"setId":2,"iconIdx":297},{"icon":{"paths":["M170 128h684v86h-684v-86zM342 470l170-172 170 172h-128v426h-84v-426h-128z"],"attrs":[],"isMulticolor":false,"isMulticolor2":false,"tags":["vertical_align_top"],"grid":24},"attrs":[],"properties":{"ligatures":"vertical_align_top","id":299,"order":72,"prevSize":24,"code":59717,"name":"vertical_align_top"},"setIdx":1,"setId":2,"iconIdx":299},{"icon":{"paths":["M826 428q82 6 140 67t58 145q0 88-63 151t-151 63h-554q-106 0-181-75t-75-181q0-94 67-169t161-85q42-78 118-126t166-48q108 0 201 76t113 182z"],"attrs":[],"isMulticolor":false,"isMulticolor2":false,"tags":["cloud"],"grid":24},"attrs":[],"properties":{"ligatures":"cloud","id":319,"order":94,"prevSize":24,"code":59734,"name":"cloud"},"setIdx":1,"setId":2,"iconIdx":319},{"icon":{"paths":["M426 726l282-282-60-60-222 220-88-88-60 60zM826 428q82 6 140 67t58 145q0 88-63 151t-151 63h-554q-106 0-181-75t-75-181q0-94 67-169t161-85q42-78 118-126t166-48q108 0 201 76t113 182z"],"attrs":[],"isMulticolor":false,"isMulticolor2":false,"tags":["cloud_done"],"grid":24},"attrs":[],"properties":{"ligatures":"cloud_done","id":321,"order":92,"prevSize":24,"code":59735,"name":"cloud_done"},"setIdx":1,"setId":2,"iconIdx":321},{"icon":{"paths":["M726 554h-128v-170h-172v170h-128l214 214zM826 428q82 6 140 67t58 145q0 88-63 151t-151 63h-554q-106 0-181-75t-75-181q0-94 67-169t161-85q42-78 118-126t166-48q108 0 201 76t113 182z"],"attrs":[],"isMulticolor":false,"isMulticolor2":false,"tags":["cloud_download"],"grid":24},"attrs":[],"properties":{"ligatures":"cloud_download","id":322,"order":93,"prevSize":24,"code":59736,"name":"cloud_download"},"setIdx":1,"setId":2,"iconIdx":322},{"icon":{"paths":["M330 426h-74q-70 0-120 51t-50 121 50 120 120 50h416zM128 224l54-54 714 714-54 54-86-84h-500q-106 0-181-75t-75-181q0-104 72-178t174-78zM826 428q82 6 140 67t58 145q0 110-90 174l-62-62q66-36 66-112 0-52-38-90t-90-38h-64v-22q0-98-68-166t-166-68q-56 0-108 26l-64-62q78-50 172-50 108 0 201 76t113 182z"],"attrs":[],"isMulticolor":false,"isMulticolor2":false,"tags":["cloud_off"],"grid":24},"attrs":[],"properties":{"ligatures":"cloud_off","id":323,"order":95,"prevSize":24,"code":59737,"name":"cloud_off"},"setIdx":1,"setId":2,"iconIdx":323},{"icon":{"paths":["M810 768q52 0 90-38t38-90-38-90-90-38h-64v-22q0-98-68-166t-166-68q-80 0-142 48t-84 122h-30q-70 0-120 51t-50 121 50 120 120 50h554zM826 428q82 6 140 67t58 145q0 88-63 151t-151 63h-554q-106 0-181-75t-75-181q0-94 67-169t161-85q42-78 118-126t166-48q108 0 201 76t113 182z"],"attrs":[],"isMulticolor":false,"isMulticolor2":false,"tags":["cloud_queue"],"grid":24},"attrs":[],"properties":{"ligatures":"cloud_queue","id":324,"order":96,"prevSize":24,"code":59738,"name":"cloud_queue"},"setIdx":1,"setId":2,"iconIdx":324},{"icon":{"paths":["M598 554h128l-214-212-214 212h128v172h172v-172zM826 428q82 6 140 67t58 145q0 88-63 151t-151 63h-554q-106 0-181-75t-75-181q0-94 67-169t161-85q42-78 118-126t166-48q108 0 201 76t113 182z"],"attrs":[],"isMulticolor":false,"isMulticolor2":false,"tags":["cloud_upload","backup"],"grid":24},"attrs":[],"properties":{"ligatures":"cloud_upload, backup","id":325,"order":54,"prevSize":24,"code":59698,"name":"cloud_upload"},"setIdx":1,"setId":2,"iconIdx":325},{"icon":{"paths":["M426 170l86 86h342q34 0 59 26t25 60v426q0 34-25 60t-59 26h-684q-34 0-59-26t-25-60v-512q0-34 25-60t59-26h256z"],"attrs":[],"isMulticolor":false,"isMulticolor2":false,"tags":["folder"],"grid":24},"attrs":[],"properties":{"ligatures":"folder","id":328,"order":160,"prevSize":24,"code":59801,"name":"folder"},"setIdx":1,"setId":2,"iconIdx":328},{"icon":{"paths":["M854 768v-426h-684v426h684zM854 256q34 0 59 26t25 60v426q0 34-25 60t-59 26h-684q-34 0-59-26t-25-60v-512q0-34 25-60t59-26h256l86 86h342z"],"attrs":[],"isMulticolor":false,"isMulticolor2":false,"tags":["folder_open"],"grid":24},"attrs":[],"properties":{"ligatures":"folder_open","id":329,"order":159,"prevSize":24,"code":59773,"name":"folder_open"},"setIdx":1,"setId":2,"iconIdx":329},{"icon":{"paths":["M810 598v-86h-128v-128h-84v128h-128v86h128v128h84v-128h128zM854 256q36 0 60 25t24 61v426q0 36-24 61t-60 25h-684q-36 0-60-25t-24-61v-512q0-36 24-61t60-25h256l86 86h342z"],"attrs":[],"isMulticolor":false,"isMulticolor2":false,"tags":["create_new_folder"],"grid":24},"attrs":[],"properties":{"ligatures":"create_new_folder","id":331,"order":161,"prevSize":24,"code":59802,"name":"create_new_folder"},"setIdx":1,"setId":2,"iconIdx":331},{"icon":{"paths":["M316 366l196 196 196-196 60 60-256 256-256-256z"],"attrs":[],"isMulticolor":false,"isMulticolor2":false,"tags":["keyboard_arrow_down"],"grid":24},"attrs":[],"properties":{"ligatures":"keyboard_arrow_down","id":342,"order":25,"prevSize":24,"code":59653,"name":"keyboard_arrow_down"},"setIdx":1,"setId":2,"iconIdx":342},{"icon":{"paths":["M658 708l-60 60-256-256 256-256 60 60-196 196z"],"attrs":[],"isMulticolor":false,"isMulticolor2":false,"tags":["keyboard_arrow_left"],"grid":24},"attrs":[],"properties":{"ligatures":"keyboard_arrow_left","id":343,"order":41,"prevSize":24,"code":59684,"name":"keyboard_arrow_left"},"setIdx":1,"setId":2,"iconIdx":343},{"icon":{"paths":["M366 708l196-196-196-196 60-60 256 256-256 256z"],"attrs":[],"isMulticolor":false,"isMulticolor2":false,"tags":["keyboard_arrow_right"],"grid":24},"attrs":[],"properties":{"ligatures":"keyboard_arrow_right","id":344,"order":42,"prevSize":24,"code":59685,"name":"keyboard_arrow_right"},"setIdx":1,"setId":2,"iconIdx":344},{"icon":{"paths":["M316 658l-60-60 256-256 256 256-60 60-196-196z"],"attrs":[],"isMulticolor":false,"isMulticolor2":false,"tags":["keyboard_arrow_up"],"grid":24},"attrs":[],"properties":{"ligatures":"keyboard_arrow_up","id":345,"order":24,"prevSize":24,"code":59654,"name":"keyboard_arrow_up"},"setIdx":1,"setId":2,"iconIdx":345},{"icon":{"paths":["M256 768v-86h512v86h-512zM512 358l-196 196-60-60 256-256 256 256-60 60z"],"attrs":[],"isMulticolor":false,"isMulticolor2":false,"tags":["keyboard_capslock"],"grid":24},"attrs":[],"properties":{"ligatures":"keyboard_capslock","id":347,"order":144,"prevSize":24,"code":59774,"name":"keyboard_capslock"},"setIdx":1,"setId":2,"iconIdx":347},{"icon":{"paths":["M738 512h72q0 108-75 189t-181 97v140h-84v-140q-106-16-181-97t-75-189h72q0 94 67 156t159 62 159-62 67-156zM512 640q-52 0-90-38t-38-90v-256q0-52 38-90t90-38 90 38 38 90v256q0 52-38 90t-90 38z"],"attrs":[],"isMulticolor":false,"isMulticolor2":false,"tags":["keyboard_voice"],"grid":24},"attrs":[],"properties":{"ligatures":"keyboard_voice","id":351,"order":143,"prevSize":24,"code":59775,"name":"keyboard_voice"},"setIdx":1,"setId":2,"iconIdx":351},{"icon":{"paths":["M746 512q26 0 45-18t19-46-19-46-45-18-45 18-19 46 19 46 45 18zM618 342q26 0 45-19t19-45-19-45-45-19-45 19-19 45 19 45 45 19zM406 342q26 0 45-19t19-45-19-45-45-19-45 19-19 45 19 45 45 19zM278 512q26 0 45-18t19-46-19-46-45-18-45 18-19 46 19 46 45 18zM512 128q158 0 271 100t113 242q0 88-63 150t-151 62h-74q-28 0-46 19t-18 45q0 22 16 42t16 44q0 28-18 46t-46 18q-160 0-272-112t-112-272 112-272 272-112z"],"attrs":[],"isMulticolor":false,"isMulticolor2":false,"tags":["color_lens","palette"],"grid":24},"attrs":[],"properties":{"ligatures":"color_lens, palette","id":399,"order":27,"prevSize":24,"code":59655,"name":"color_lens"},"setIdx":1,"setId":2,"iconIdx":399},{"icon":{"paths":["M810 470v-256h-596v256h84v84h86v86h86v-86h84v86h86v-86h86v-84h84zM726 768v-86h-86v86h86zM554 768v-86h-84v86h84zM384 768v-86h-86v86h86zM810 128q34 0 60 26t26 60v596q0 34-26 60t-60 26h-596q-34 0-60-26t-26-60v-596q0-34 26-60t60-26h596zM298 384h86v86h-86v-86zM640 384h86v86h-86v-86zM470 384h84v86h86v84h-86v-84h-84v84h-86v-84h86v-86zM726 554v86h84v-86h-84zM298 554h-84v86h84v-86z"],"attrs":[],"isMulticolor":false,"isMulticolor2":false,"tags":["gradient"],"grid":24},"attrs":[],"properties":{"ligatures":"gradient","id":445,"order":19,"prevSize":24,"code":59656,"name":"gradient"},"setIdx":1,"setId":2,"iconIdx":445},{"icon":{"paths":["M512 86q176 0 301 125t125 301-125 301-301 125-301-125-125-301 125-301 301-125z"],"attrs":[],"isMulticolor":false,"isMulticolor2":false,"tags":["lens"],"grid":24},"attrs":[],"properties":{"ligatures":"lens","id":458,"order":26,"prevSize":24,"code":59657,"name":"lens"},"setIdx":1,"setId":2,"iconIdx":458},{"icon":{"paths":["M658 316l-196 196 196 196-60 60-256-256 256-256z"],"attrs":[],"isMulticolor":false,"isMulticolor2":false,"tags":["navigate_before","chevron_left"],"grid":24},"attrs":[],"properties":{"ligatures":"navigate_before, chevron_left","id":471,"order":17,"prevSize":24,"code":59658,"name":"navigate_before"},"setIdx":1,"setId":2,"iconIdx":471},{"icon":{"paths":["M426 256l256 256-256 256-60-60 196-196-196-196z"],"attrs":[],"isMulticolor":false,"isMulticolor2":false,"tags":["navigate_next","chevron_right"],"grid":24},"attrs":[],"properties":{"ligatures":"navigate_next, chevron_right","id":472,"order":18,"prevSize":24,"code":59659,"name":"navigate_next"},"setIdx":1,"setId":2,"iconIdx":472},{"icon":{"paths":["M512 384q52 0 90 38t38 90-38 90-90 38-90-38-38-90 38-90 90-38zM512 726q88 0 151-63t63-151-63-151-151-63-151 63-63 151 63 151 151 63zM512 192q158 0 286 88t184 232q-56 144-184 232t-286 88-286-88-184-232q56-144 184-232t286-88z"],"attrs":[],"isMulticolor":false,"isMulticolor2":false,"tags":["remove_red_eye","visibility"],"grid":24},"attrs":[],"properties":{"ligatures":"remove_red_eye, visibility","id":481,"order":83,"prevSize":24,"code":59694,"name":"remove_red_eye"},"setIdx":1,"setId":2,"iconIdx":481},{"icon":{"paths":["M250 842v-270l148 356h-62q-34 0-60-26t-26-60zM336 374q18 0 30-13t12-31-12-30-30-12-30 12-12 30 12 31 30 13zM940 680q6 12 6 32 0 24-15 48t-37 32l-314 130q-12 6-32 6-24 0-47-15t-33-37l-212-512q-6-12-6-32 0-24 15-46t37-32l316-130q18-6 34-6 22 0 44 15t32 37zM108 838q-32-14-46-46t0-64l104-250v384z"],"attrs":[],"isMulticolor":false,"isMulticolor2":false,"tags":["style"],"grid":24},"attrs":[],"properties":{"ligatures":"style","id":487,"order":21,"prevSize":24,"code":59660,"name":"style"},"setIdx":1,"setId":2,"iconIdx":487},{"icon":{"paths":["M640 384v-256h86v86h170v84h-170v86h-86zM896 554h-426v-84h426v84zM298 384h86v256h-86v-86h-170v-84h170v-86zM554 896h-84v-256h84v86h342v84h-342v86zM128 214h426v84h-426v-84zM128 726h256v84h-256v-84z"],"attrs":[],"isMulticolor":false,"isMulticolor2":false,"tags":["tune"],"grid":24},"attrs":[],"properties":{"ligatures":"tune","id":498,"order":20,"prevSize":24,"code":59661,"name":"tune"},"setIdx":1,"setId":2,"iconIdx":498},{"icon":{"paths":["M768 128v170h-512v-170h512zM810 512q18 0 31-12t13-30-13-31-31-13-30 13-12 31 12 30 30 12zM682 810v-212h-340v212h340zM810 342q52 0 90 38t38 90v256h-170v170h-512v-170h-170v-256q0-52 38-90t90-38h596z"],"attrs":[],"isMulticolor":false,"isMulticolor2":false,"tags":["local_printshop","print"],"grid":24},"attrs":[],"properties":{"ligatures":"local_printshop, print","id":552,"order":75,"prevSize":24,"code":59718,"name":"print"},"setIdx":1,"setId":2,"iconIdx":552},{"icon":{"paths":["M640 810v-506l-256-90v506zM874 128q22 0 22 22v644q0 16-16 20l-240 82-256-90-228 88-6 2q-22 0-22-22v-644q0-16 16-20l240-82 256 90 228-88z"],"attrs":[],"isMulticolor":false,"isMulticolor2":false,"tags":["map"],"grid":24},"attrs":[],"properties":{"ligatures":"map","id":557,"order":190,"prevSize":24,"code":59822,"name":"map"},"setIdx":1,"setId":2,"iconIdx":557},{"icon":{"paths":["M512 86l320 780-30 30-290-128-290 128-30-30z"],"attrs":[],"isMulticolor":false,"isMulticolor2":false,"tags":["navigation"],"grid":24},"attrs":[],"properties":{"ligatures":"navigation","id":558,"order":189,"prevSize":24,"code":59823,"name":"navigation"},"setIdx":1,"setId":2,"iconIdx":558},{"icon":{"paths":["M422 826l-298-58 16-86 210 42 68-346-78 30v146h-84v-200l222-94q6 0 17-2t17-2q42 0 72 42l42 68q58 102 184 102v86q-142 0-234-106l-26 128 90 84v320h-86v-256l-90-84zM576 234q-34 0-60-26t-26-60 26-59 60-25 59 25 25 59-25 60-59 26z"],"attrs":[],"isMulticolor":false,"isMulticolor2":false,"tags":["directions_run"],"grid":24},"attrs":[],"properties":{"ligatures":"directions_run","id":564,"order":98,"prevSize":24,"code":59739,"name":"directions_run"},"setIdx":1,"setId":2,"iconIdx":564},{"icon":{"paths":["M896 640v256h-256l98-98-124-122 62-62 122 124zM384 896h-256v-256l98 98 122-124 62 62-124 122zM128 384v-256h256l-98 98 124 122-62 62-122-124zM640 128h256v256l-98-98-122 124-62-62 124-122z"],"attrs":[],"isMulticolor":false,"isMulticolor2":false,"tags":["zoom_out_map"],"grid":24},"attrs":[],"properties":{"ligatures":"zoom_out_map","id":569,"order":136,"prevSize":24,"code":59776,"name":"zoom_out_map"},"setIdx":1,"setId":2,"iconIdx":569},{"icon":{"paths":["M682 768h-426v-426h128v202l298-288 86 86-292 298h206v128z"],"attrs":[],"isMulticolor":false,"isMulticolor2":false,"tags":["transit_enterexit"],"grid":24},"attrs":[],"properties":{"ligatures":"transit_enterexit","id":583,"order":36,"prevSize":24,"code":59680,"name":"transit_enterexit"},"setIdx":1,"setId":2,"iconIdx":583},{"icon":{"paths":["M854 470v84h-520l238 240-60 60-342-342 342-342 60 60-238 240h520z"],"attrs":[],"isMulticolor":false,"isMulticolor2":false,"tags":["arrow_back"],"grid":24},"attrs":[],"properties":{"ligatures":"arrow_back","id":589,"order":15,"prevSize":24,"code":59662,"name":"arrow_back"},"setIdx":1,"setId":2,"iconIdx":589},{"icon":{"paths":["M298 426h428l-214 214z"],"attrs":[],"isMulticolor":false,"isMulticolor2":false,"tags":["arrow_drop_down"],"grid":24},"attrs":[],"properties":{"ligatures":"arrow_drop_down","id":590,"order":13,"prevSize":24,"code":59663,"name":"arrow_drop_down"},"setIdx":1,"setId":2,"iconIdx":590},{"icon":{"paths":["M512 598l170-172h-340zM512 86q176 0 301 125t125 301-125 301-301 125-301-125-125-301 125-301 301-125z"],"attrs":[],"isMulticolor":false,"isMulticolor2":false,"tags":["arrow_drop_down_circle"],"grid":24},"attrs":[],"properties":{"ligatures":"arrow_drop_down_circle","id":591,"order":16,"prevSize":24,"code":59664,"name":"arrow_drop_down_circle"},"setIdx":1,"setId":2,"iconIdx":591},{"icon":{"paths":["M512 170l342 342-342 342-60-60 238-240h-520v-84h520l-238-240z"],"attrs":[],"isMulticolor":false,"isMulticolor2":false,"tags":["arrow_forward"],"grid":24},"attrs":[],"properties":{"ligatures":"arrow_forward","id":593,"order":11,"prevSize":24,"code":59665,"name":"arrow_forward"},"setIdx":1,"setId":2,"iconIdx":593},{"icon":{"paths":["M726 666l-154-154 154-154-60-60-154 154-154-154-60 60 154 154-154 154 60 60 154-154 154 154zM512 86q176 0 301 125t125 301-125 301-301 125-301-125-125-301 125-301 301-125z"],"attrs":[],"isMulticolor":false,"isMulticolor2":false,"tags":["cancel"],"grid":24},"attrs":[],"properties":{"ligatures":"cancel","id":594,"order":29,"prevSize":24,"code":59666,"name":"cancel"},"setIdx":1,"setId":2,"iconIdx":594},{"icon":{"paths":["M384 690l452-452 60 60-512 512-238-238 60-60z"],"attrs":[],"isMulticolor":false,"isMulticolor2":false,"tags":["check"],"grid":24},"attrs":[],"properties":{"ligatures":"check","id":595,"order":30,"prevSize":24,"code":59667,"name":"check"},"setIdx":1,"setId":2,"iconIdx":595},{"icon":{"paths":["M512 342l256 256-60 60-196-196-196 196-60-60z"],"attrs":[],"isMulticolor":false,"isMulticolor2":false,"tags":["expand_less"],"grid":24},"attrs":[],"properties":{"ligatures":"expand_less","id":596,"order":140,"prevSize":24,"code":59777,"name":"expand_less"},"setIdx":1,"setId":2,"iconIdx":596},{"icon":{"paths":["M708 366l60 60-256 256-256-256 60-60 196 196z"],"attrs":[],"isMulticolor":false,"isMulticolor2":false,"tags":["expand_more"],"grid":24},"attrs":[],"properties":{"ligatures":"expand_more","id":597,"order":139,"prevSize":24,"code":59778,"name":"expand_more"},"setIdx":1,"setId":2,"iconIdx":597},{"icon":{"paths":["M598 214h212v212h-84v-128h-128v-84zM726 726v-128h84v212h-212v-84h128zM214 426v-212h212v84h-128v128h-84zM298 598v128h128v84h-212v-212h84z"],"attrs":[],"isMulticolor":false,"isMulticolor2":false,"tags":["fullscreen"],"grid":24},"attrs":[],"properties":{"ligatures":"fullscreen","id":598,"order":74,"prevSize":24,"code":59719,"name":"fullscreen"},"setIdx":1,"setId":2,"iconIdx":598},{"icon":{"paths":["M682 342h128v84h-212v-212h84v128zM598 810v-212h212v84h-128v128h-84zM342 342v-128h84v212h-212v-84h128zM214 682v-84h212v212h-84v-128h-128z"],"attrs":[],"isMulticolor":false,"isMulticolor2":false,"tags":["fullscreen_exit"],"grid":24},"attrs":[],"properties":{"ligatures":"fullscreen_exit","id":599,"order":37,"prevSize":24,"code":59681,"name":"fullscreen_exit"},"setIdx":1,"setId":2,"iconIdx":599},{"icon":{"paths":["M128 256h768v86h-768v-86zM128 554v-84h768v84h-768zM128 768v-86h768v86h-768z"],"attrs":[],"isMulticolor":false,"isMulticolor2":false,"tags":["menu"],"grid":24},"attrs":[],"properties":{"ligatures":"menu","id":600,"order":141,"prevSize":24,"code":59779,"name":"menu"},"setIdx":1,"setId":2,"iconIdx":600},{"icon":{"paths":["M512 426q34 0 60 26t26 60-26 60-60 26-60-26-26-60 26-60 60-26zM768 426q34 0 60 26t26 60-26 60-60 26-60-26-26-60 26-60 60-26zM256 426q34 0 60 26t26 60-26 60-60 26-60-26-26-60 26-60 60-26z"],"attrs":[],"isMulticolor":false,"isMulticolor2":false,"tags":["keyboard_control"],"grid":24},"attrs":[],"properties":{"ligatures":"keyboard_control","id":601,"order":142,"prevSize":24,"code":59780,"name":"keyboard_control"},"setIdx":1,"setId":2,"iconIdx":601},{"icon":{"paths":["M512 682q34 0 60 26t26 60-26 60-60 26-60-26-26-60 26-60 60-26zM512 426q34 0 60 26t26 60-26 60-60 26-60-26-26-60 26-60 60-26zM512 342q-34 0-60-26t-26-60 26-60 60-26 60 26 26 60-26 60-60 26z"],"attrs":[],"isMulticolor":false,"isMulticolor2":false,"tags":["more_vert"],"grid":24},"attrs":[],"properties":{"ligatures":"more_vert","id":602,"order":146,"prevSize":24,"code":59781,"name":"more_vert"},"setIdx":1,"setId":2,"iconIdx":602},{"icon":{"paths":["M754 270l100-100v300h-300l138-138q-76-76-180-76-106 0-181 75t-75 181 75 181 181 75q74 0 145-50t97-120h88q-28 112-120 184t-210 72q-140 0-240-100t-100-242 100-242 240-100q60 0 131 29t111 71z"],"attrs":[],"isMulticolor":false,"isMulticolor2":false,"tags":["refresh"],"grid":24},"attrs":[],"properties":{"ligatures":"refresh","id":603,"order":22,"prevSize":24,"code":59668,"name":"refresh"},"setIdx":1,"setId":2,"iconIdx":603},{"icon":{"paths":["M512 776l136-136 60 60-196 196-196-196 60-60zM512 248l-136 136-60-60 196-196 196 196-60 60z"],"attrs":[],"isMulticolor":false,"isMulticolor2":false,"tags":["unfold_more"],"grid":24},"attrs":[],"properties":{"ligatures":"unfold_more","id":605,"order":147,"prevSize":24,"code":59782,"name":"unfold_more"},"setIdx":1,"setId":2,"iconIdx":605},{"icon":{"paths":["M170 512l342-342 342 342-62 60-238-238v520h-84v-520l-240 238z"],"attrs":[],"isMulticolor":false,"isMulticolor2":false,"tags":["arrow_upward"],"grid":24},"attrs":[],"properties":{"ligatures":"arrow_upward","id":606,"order":9,"prevSize":24,"code":59669,"name":"arrow_upward"},"setIdx":1,"setId":2,"iconIdx":606},{"icon":{"paths":["M470 384l60 60-154 154h392v-428h86v512h-478l154 154-60 60-256-256z"],"attrs":[],"isMulticolor":false,"isMulticolor2":false,"tags":["subdirectory_arrow_left"],"grid":24},"attrs":[],"properties":{"ligatures":"subdirectory_arrow_left","id":607,"order":162,"prevSize":24,"code":59803,"name":"subdirectory_arrow_left"},"setIdx":1,"setId":2,"iconIdx":607},{"icon":{"paths":["M810 640l-256 256-60-60 154-154h-478v-512h86v428h392l-154-154 60-60z"],"attrs":[],"isMulticolor":false,"isMulticolor2":false,"tags":["subdirectory_arrow_right"],"grid":24},"attrs":[],"properties":{"ligatures":"subdirectory_arrow_right","id":608,"order":163,"prevSize":24,"code":59804,"name":"subdirectory_arrow_right"},"setIdx":1,"setId":2,"iconIdx":608},{"icon":{"paths":["M854 512l-342 342-342-342 62-60 238 238v-520h84v520l240-238z"],"attrs":[],"isMulticolor":false,"isMulticolor2":false,"tags":["arrow_downward"],"grid":24},"attrs":[],"properties":{"ligatures":"arrow_downward","id":609,"order":12,"prevSize":24,"code":59670,"name":"arrow_downward"},"setIdx":1,"setId":2,"iconIdx":609},{"icon":{"paths":["M256 256h86v512h-86v-512zM786 708l-60 60-256-256 256-256 60 60-196 196z"],"attrs":[],"isMulticolor":false,"isMulticolor2":false,"tags":["first_page"],"grid":24},"attrs":[],"properties":{"ligatures":"first_page","id":610,"order":40,"prevSize":24,"code":59686,"name":"first_page"},"setIdx":1,"setId":2,"iconIdx":610},{"icon":{"paths":["M682 256h86v512h-86v-512zM238 316l60-60 256 256-256 256-60-60 196-196z"],"attrs":[],"isMulticolor":false,"isMulticolor2":false,"tags":["last_page"],"grid":24},"attrs":[],"properties":{"ligatures":"last_page","id":611,"order":43,"prevSize":24,"code":59687,"name":"last_page"},"setIdx":1,"setId":2,"iconIdx":611},{"icon":{"paths":["M498 166l-346 346 346 346-76 76-422-422 422-422z"],"attrs":[],"isMulticolor":false,"isMulticolor2":false,"tags":["arrow_back_ios"],"grid":24},"attrs":[],"properties":{"ligatures":"arrow_back_ios","id":614,"order":14,"prevSize":24,"code":59671,"name":"arrow_back_ios"},"setIdx":1,"setId":2,"iconIdx":614},{"icon":{"paths":["M250 176l92-90 426 426-426 426-92-90 338-336z"],"attrs":[],"isMulticolor":false,"isMulticolor2":false,"tags":["arrow_forward_ios"],"grid":24},"attrs":[],"properties":{"ligatures":"arrow_forward_ios","id":615,"order":10,"prevSize":24,"code":59672,"name":"arrow_forward_ios"},"setIdx":1,"setId":2,"iconIdx":615},{"icon":{"paths":["M512 854q140 0 241-101t101-241q0-114-74-210l-478 478q96 74 210 74zM170 512q0 114 74 210l478-478q-96-74-210-74-140 0-241 101t-101 241zM512 86q176 0 301 125t125 301-125 301-301 125-301-125-125-301 125-301 301-125z"],"attrs":[],"isMulticolor":false,"isMulticolor2":false,"tags":["do_not_disturb_alt"],"grid":24},"attrs":[],"properties":{"ligatures":"do_not_disturb_alt","id":618,"order":114,"prevSize":24,"code":59783,"name":"do_not_disturb_alt"},"setIdx":1,"setId":2,"iconIdx":618},{"icon":{"paths":["M684 298q32 0 58 27t26 59v234l-150 150v128h-212v-128l-150-150v-234q0-32 26-59t58-27h2v-170h84v170h172v-170h84z"],"attrs":[],"isMulticolor":false,"isMulticolor2":false,"tags":["power"],"grid":24},"attrs":[],"properties":{"ligatures":"power","id":654,"order":168,"prevSize":24,"code":59805,"name":"power"},"setIdx":1,"setId":2,"iconIdx":654},{"icon":{"paths":["M214 554q124-122 299-122t297 122l-84 86q-36-36-99-62t-115-26-115 26-99 62zM384 726q54-54 128-54t128 54l-128 128zM42 384q196-194 471-194t469 194l-86 86q-160-158-384-158t-384 158z"],"attrs":[],"isMulticolor":false,"isMulticolor2":false,"tags":["wifi"],"grid":24},"attrs":[],"properties":{"ligatures":"wifi","id":656,"order":119,"prevSize":24,"code":59784,"name":"wifi"},"setIdx":1,"setId":2,"iconIdx":656},{"icon":{"paths":["M426 128h172v512h-172v-512zM426 810q0-36 25-60t61-24 61 24 25 60-25 61-61 25-61-25-25-61z"],"attrs":[],"isMulticolor":false,"isMulticolor2":false,"tags":["priority_high"],"grid":24},"attrs":[],"properties":{"ligatures":"priority_high","id":662,"order":8,"prevSize":24,"code":59673,"name":"priority_high"},"setIdx":1,"setId":2,"iconIdx":662},{"icon":{"paths":["M384 726q54-54 128-54t128 54l-128 128zM86 130l54-54 724 724-54 54-302-302q-50 0-112 26t-98 62l-84-84v-2q78-78 188-108l-96-94q-98 40-178 118l-86-86q78-78 174-124zM810 554l-40 42-152-150q114 30 192 108zM980 384l-84 86q-168-172-412-158l-106-108q162-34 321 12t281 168z"],"attrs":[],"isMulticolor":false,"isMulticolor2":false,"tags":["wifi_off"],"grid":24},"attrs":[],"properties":{"ligatures":"wifi_off","id":665,"order":120,"prevSize":24,"code":59785,"name":"wifi_off"},"setIdx":1,"setId":2,"iconIdx":665},{"icon":{"paths":["M150 788l-64-64 320-320 170 172 302-340 60 60-362 408-170-172z"],"attrs":[],"isMulticolor":false,"isMulticolor2":false,"tags":["show_chart"],"grid":24},"attrs":[],"properties":{"ligatures":"show_chart","id":671,"order":102,"prevSize":24,"code":59742,"name":"show_chart"},"setIdx":1,"setId":2,"iconIdx":671},{"icon":{"paths":["M512 598q74 0 133 41t85 107h-436q26-66 85-107t133-41zM362 470q-26 0-45-19t-19-45 19-45 45-19 45 19 19 45-19 45-45 19zM662 470q-26 0-45-19t-19-45 19-45 45-19 45 19 19 45-19 45-45 19zM512 854q140 0 241-101t101-241-101-241-241-101-241 101-101 241 101 241 241 101zM512 86q176 0 301 125t125 301-125 301-301 125-301-125-125-301 125-301 301-125z"],"attrs":[],"isMulticolor":false,"isMulticolor2":false,"tags":["mood_bad"],"grid":24},"attrs":[],"properties":{"ligatures":"mood_bad","id":676,"order":149,"prevSize":24,"code":59786,"name":"mood_bad"},"setIdx":1,"setId":2,"iconIdx":676},{"icon":{"paths":["M768 682l86 86v42h-684v-42l86-86v-212q0-100 51-174t141-96v-30q0-26 18-45t46-19 46 19 18 45v30q90 22 141 96t51 174v212zM512 938q-36 0-61-24t-25-60h172q0 34-26 59t-60 25z"],"attrs":[],"isMulticolor":false,"isMulticolor2":false,"tags":["notifications"],"grid":24},"attrs":[],"properties":{"ligatures":"notifications","id":677,"order":115,"prevSize":24,"code":59787,"name":"notifications"},"setIdx":1,"setId":2,"iconIdx":677},{"icon":{"paths":["M682 726v-256q0-82-46-137t-124-55-124 55-46 137v256h340zM768 682l86 86v42h-684v-42l86-86v-212q0-100 51-174t141-96v-30q0-26 18-45t46-19 46 19 18 45v30q90 22 141 96t51 174v212zM512 938q-34 0-60-25t-26-59h172q0 34-26 59t-60 25z"],"attrs":[],"isMulticolor":false,"isMulticolor2":false,"tags":["notifications_none"],"grid":24},"attrs":[],"properties":{"ligatures":"notifications_none","id":678,"order":117,"prevSize":24,"code":59788,"name":"notifications_none"},"setIdx":1,"setId":2,"iconIdx":678},{"icon":{"paths":["M768 626l-382-402q6-2 16-7l14-7h2l12-6q2 0 8-2t10-2v-30q0-26 18-45t46-19 46 19 18 45v30q90 22 141 96t51 174v156zM512 938q-36 0-61-24t-25-60h172q0 36-25 60t-61 24zM334 262q48 50 251 258t311 322l-54 54-86-86h-586v-42l86-86v-214q0-82 34-146l-120-118 54-56z"],"attrs":[],"isMulticolor":false,"isMulticolor2":false,"tags":["notifications_off"],"grid":24},"attrs":[],"properties":{"ligatures":"notifications_off","id":679,"order":116,"prevSize":24,"code":59789,"name":"notifications_off"},"setIdx":1,"setId":2,"iconIdx":679},{"icon":{"paths":["M512 938q-36 0-61-25t-25-59h170q0 36-24 60t-60 24zM768 470v212l86 86v42h-684v-42l86-86v-212q0-100 51-174t141-96v-30q0-26 18-45t46-19 46 19 18 45v30q90 22 141 96t51 174zM852 448q-4-72-48-152t-102-122l60-60q166 128 176 334h-86zM324 174q-58 42-103 122t-49 152h-86q10-206 176-334z"],"attrs":[],"isMulticolor":false,"isMulticolor2":false,"tags":["notifications_on"],"grid":24},"attrs":[],"properties":{"ligatures":"notifications_on","id":680,"order":118,"prevSize":24,"code":59790,"name":"notifications_on"},"setIdx":1,"setId":2,"iconIdx":680},{"icon":{"paths":["M512 598q108 0 225 47t117 123v86h-684v-86q0-76 117-123t225-47zM512 512q-70 0-120-50t-50-120 50-121 120-51 120 51 50 121-50 120-120 50z"],"attrs":[],"isMulticolor":false,"isMulticolor2":false,"tags":["person"],"grid":24},"attrs":[],"properties":{"ligatures":"person","id":685,"order":188,"prevSize":24,"code":59824,"name":"person"},"setIdx":1,"setId":2,"iconIdx":685},{"icon":{"paths":["M640 598q108 0 225 47t117 123v86h-684v-86q0-76 117-123t225-47zM256 426h128v86h-128v128h-86v-128h-128v-86h128v-128h86v128zM640 512q-70 0-120-50t-50-120 50-121 120-51 120 51 50 121-50 120-120 50z"],"attrs":[],"isMulticolor":false,"isMulticolor2":false,"tags":["person_add"],"grid":24},"attrs":[],"properties":{"ligatures":"person_add","id":686,"order":187,"prevSize":24,"code":59825,"name":"person_add"},"setIdx":1,"setId":2,"iconIdx":686},{"icon":{"paths":["M512 704q-44 0-84 22l-22-24q-2-2-22-24 56-38 128-38 68 0 128 38-4 2-23 23t-21 25q-38-22-84-22zM512 854q140 0 241-101t101-241-101-241-241-101-241 101-101 241 101 241 241 101zM512 86q176 0 301 125t125 301-125 301-301 125-301-125-125-301 125-301 301-125zM298 406q0-26 19-45t45-19 45 19 19 45-19 45-45 19-45-19-19-45zM598 406q0-26 19-45t45-19 45 19 19 45-19 45-45 19-45-19-19-45z"],"attrs":[],"isMulticolor":false,"isMulticolor2":false,"tags":["sentiment_dissatisfied"],"grid":24},"attrs":[],"properties":{"ligatures":"sentiment_dissatisfied","id":693,"order":151,"prevSize":24,"code":59791,"name":"sentiment_dissatisfied"},"setIdx":1,"setId":2,"iconIdx":693},{"icon":{"paths":["M512 854q140 0 241-101t101-241-101-241-241-101-241 101-101 241 101 241 241 101zM512 86q176 0 301 125t125 301-125 301-301 125-301-125-125-301 125-301 301-125zM298 406q0-26 19-45t45-19 45 19 19 45-19 45-45 19-45-19-19-45zM598 406q0-26 19-45t45-19 45 19 19 45-19 45-45 19-45-19-19-45zM384 662h256v42h-256v-42z"],"attrs":[],"isMulticolor":false,"isMulticolor2":false,"tags":["sentiment_neutral"],"grid":24},"attrs":[],"properties":{"ligatures":"sentiment_neutral","id":694,"order":152,"prevSize":24,"code":59792,"name":"sentiment_neutral"},"setIdx":1,"setId":2,"iconIdx":694},{"icon":{"paths":["M512 682q44 0 84-22 38 44 44 50-58 36-128 36-68 0-126-36 24-32 42-50 38 22 84 22zM512 854q140 0 241-101t101-241-101-241-241-101-241 101-101 241 101 241 241 101zM512 86q176 0 301 125t125 301-125 301-301 125-301-125-125-301 125-301 301-125zM298 406q0-26 19-45t45-19 45 19 19 45-19 45-45 19-45-19-19-45zM598 406q0-26 19-45t45-19 45 19 19 45-19 45-45 19-45-19-19-45z"],"attrs":[],"isMulticolor":false,"isMulticolor2":false,"tags":["sentiment_satisfied"],"grid":24},"attrs":[],"properties":{"ligatures":"sentiment_satisfied","id":695,"order":153,"prevSize":24,"code":59793,"name":"sentiment_satisfied"},"setIdx":1,"setId":2,"iconIdx":695},{"icon":{"paths":["M512 598q74 0 133 41t85 107h-70q-50-84-148-84t-148 84h-70q26-66 85-107t133-41zM512 854q140 0 241-101t101-241-101-241-241-101-241 101-101 241 101 241 241 101zM512 86q176 0 301 125t125 301-125 301-301 125-301-125-125-301 125-301 301-125zM298 406q0-26 19-45t45-19 45 19 19 45-19 45-45 19-45-19-19-45zM598 406q0-26 19-45t45-19 45 19 19 45-19 45-45 19-45-19-19-45z"],"attrs":[],"isMulticolor":false,"isMulticolor2":false,"tags":["sentiment_very_dissatisfied"],"grid":24},"attrs":[],"properties":{"ligatures":"sentiment_very_dissatisfied","id":696,"order":154,"prevSize":24,"code":59794,"name":"sentiment_very_dissatisfied"},"setIdx":1,"setId":2,"iconIdx":696},{"icon":{"paths":["M298 598h428q-26 76-84 123t-130 47-130-47-84-123zM512 854q140 0 241-101t101-241-101-241-241-101-241 101-101 241 101 241 241 101zM512 86q176 0 301 125t125 301-125 301-301 125-301-125-125-301 125-301 301-125zM298 406q0-26 19-45t45-19 45 19 19 45-19 45-45 19-45-19-19-45zM598 406q0-26 19-45t45-19 45 19 19 45-19 45-45 19-45-19-19-45z"],"attrs":[],"isMulticolor":false,"isMulticolor2":false,"tags":["sentiment_very_satisfied"],"grid":24},"attrs":[],"properties":{"ligatures":"sentiment_very_satisfied","id":697,"order":155,"prevSize":24,"code":59795,"name":"sentiment_very_satisfied"},"setIdx":1,"setId":2,"iconIdx":697},{"icon":{"paths":["M92 474l114-262q26-42 74-42h346q42 0 71 29t29 71v334q0 36-26 62l-274 272-18-20q-24-24-38-52-6-14-4-28l40-198h-236q-34 0-59-26t-25-60v-46q0-20 6-34zM938 170v470h-84q-18 0-31-12t-13-30v-384q0-18 13-31t31-13h84z"],"attrs":[],"isMulticolor":false,"isMulticolor2":false,"tags":["thumb_down_alt"],"grid":24},"attrs":[],"properties":{"ligatures":"thumb_down_alt","id":698,"order":180,"prevSize":24,"code":59826,"name":"thumb_down_alt"},"setIdx":1,"setId":2,"iconIdx":698},{"icon":{"paths":["M932 550l-114 262q-26 42-74 42h-346q-40 0-70-30t-30-70v-334q0-36 26-62l274-272 18 20q24 24 38 52 6 14 4 28l-40 198h236q34 0 59 26t25 60v46q0 18-6 34zM86 854v-470h84q18 0 31 12t13 30v384q0 18-13 31t-31 13h-84z"],"attrs":[],"isMulticolor":false,"isMulticolor2":false,"tags":["thumb_up_alt"],"grid":24},"attrs":[],"properties":{"ligatures":"thumb_up_alt","id":699,"order":181,"prevSize":24,"code":59827,"name":"thumb_up_alt"},"setIdx":1,"setId":2,"iconIdx":699},{"icon":{"paths":["M512 736l-264 160 70-300-232-202 306-26 120-282 120 282 306 26-232 202 70 300z"],"attrs":[],"isMulticolor":false,"isMulticolor2":false,"tags":["star","grade"],"grid":24},"attrs":[],"properties":{"ligatures":"star, grade","id":703,"order":44,"prevSize":24,"code":59688,"name":"star"},"setIdx":1,"setId":2,"iconIdx":703},{"icon":{"paths":["M968 810q14 8 13 27t-17 33l-98 98q-30 30-60 0l-388-388q-72 30-153 13t-141-77q-64-64-80-152t24-164l188 184 128-128-184-184q76-36 164-22t152 78q60 60 77 141t-13 153z"],"attrs":[],"isMulticolor":false,"isMulticolor2":false,"tags":["build"],"grid":24},"attrs":[],"properties":{"ligatures":"build","id":729,"order":104,"prevSize":24,"code":59745,"name":"build"},"setIdx":1,"setId":2,"iconIdx":729},{"icon":{"paths":["M426 726l384-384-60-62-324 324-152-152-60 60zM512 86q176 0 301 125t125 301-125 301-301 125-301-125-125-301 125-301 301-125z"],"attrs":[],"isMulticolor":false,"isMulticolor2":false,"tags":["check_circle"],"grid":24},"attrs":[],"properties":{"ligatures":"check_circle","id":732,"order":3,"prevSize":24,"code":59674,"name":"check_circle"},"setIdx":1,"setId":2,"iconIdx":732},{"icon":{"paths":["M622 708l198-196-198-196 60-60 256 256-256 256zM402 708l-60 60-256-256 256-256 60 60-198 196z"],"attrs":[],"isMulticolor":false,"isMulticolor2":false,"tags":["code"],"grid":24},"attrs":[],"properties":{"ligatures":"code","id":734,"order":81,"prevSize":24,"code":59725,"name":"code"},"setIdx":1,"setId":2,"iconIdx":734},{"icon":{"paths":["M810 170v86h-596v-86h148l44-42h212l44 42h148zM256 810v-512h512v512q0 34-26 60t-60 26h-340q-34 0-60-26t-26-60z"],"attrs":[],"isMulticolor":false,"isMulticolor2":false,"tags":["delete"],"grid":24},"attrs":[],"properties":{"ligatures":"delete","id":737,"order":194,"prevSize":24,"code":59828,"name":"delete"},"setIdx":1,"setId":2,"iconIdx":737},{"icon":{"paths":["M384 692l452-454 60 60-512 512-238-238 58-60z"],"attrs":[],"isMulticolor":false,"isMulticolor2":false,"tags":["done"],"grid":24},"attrs":[],"properties":{"ligatures":"done","id":740,"order":52,"prevSize":24,"code":59696,"name":"done"},"setIdx":1,"setId":2,"iconIdx":740},{"icon":{"paths":["M18 572l60-60 238 238-60 60zM948 238l62 60-512 512-240-238 62-60 178 178zM768 298l-270 272-60-60 270-272z"],"attrs":[],"isMulticolor":false,"isMulticolor2":false,"tags":["done_all"],"grid":24},"attrs":[],"properties":{"ligatures":"done_all","id":741,"order":55,"prevSize":24,"code":59699,"name":"done_all"},"setIdx":1,"setId":2,"iconIdx":741},{"icon":{"paths":["M810 128q34 0 60 26t26 60v596q0 34-26 60t-60 26h-596q-36 0-61-25t-25-61v-170h86v170h596v-596h-596v170h-86v-170q0-36 25-61t61-25h596zM430 666l110-112h-412v-84h412l-110-112 60-60 214 214-214 214z"],"attrs":[],"isMulticolor":false,"isMulticolor2":false,"tags":["exit_to_app"],"grid":24},"attrs":[],"properties":{"ligatures":"exit_to_app","id":742,"order":38,"prevSize":24,"code":59682,"name":"exit_to_app"},"setIdx":1,"setId":2,"iconIdx":742},{"icon":{"paths":["M640 726v-86h86v86h-86zM640 214v-86h86v86h-86zM214 298v512h512v86h-512q-36 0-61-25t-25-61v-512h86zM810 726v-86h86q0 34-26 60t-60 26zM810 384v-86h86v86h-86zM810 554v-84h86v84h-86zM384 726q-36 0-61-25t-25-61h86v86zM554 128v86h-84v-86h84zM810 128q34 0 60 26t26 60h-86v-86zM554 640v86h-84v-86h84zM384 128v86h-86q0-36 25-61t61-25zM384 470v84h-86v-84h86zM384 298v86h-86v-86h86z"],"attrs":[],"isMulticolor":false,"isMulticolor2":false,"tags":["flip_to_back"],"grid":24},"attrs":[],"properties":{"ligatures":"flip_to_back","id":750,"order":184,"prevSize":24,"code":59829,"name":"flip_to_back"},"setIdx":1,"setId":2,"iconIdx":750},{"icon":{"paths":["M298 896v-86h86v86h-86zM470 896v-86h84v86h-84zM810 640v-426h-426v426h426zM810 128q34 0 60 26t26 60v426q0 34-26 60t-60 26h-426q-36 0-61-25t-25-61v-426q0-36 25-61t61-25h426zM640 896v-86h86v86h-86zM128 384v-86h86v86h-86zM214 896q-36 0-61-25t-25-61h86v86zM128 726v-86h86v86h-86zM128 554v-84h86v84h-86z"],"attrs":[],"isMulticolor":false,"isMulticolor2":false,"tags":["flip_to_front"],"grid":24},"attrs":[],"properties":{"ligatures":"flip_to_front","id":751,"order":185,"prevSize":24,"code":59830,"name":"flip_to_front"},"setIdx":1,"setId":2,"iconIdx":751},{"icon":{"paths":["M512 854q140 0 241-101t101-241-101-241-241-101-241 101-101 241 101 241 241 101zM512 86q176 0 301 125t125 301-125 301-301 125-301-125-125-301 125-301 301-125zM622 342l60 60-110 110 110 110-60 60-110-110-110 110-60-60 110-110-110-110 60-60 110 110z"],"attrs":[],"isMulticolor":false,"isMulticolor2":false,"tags":["highlight_remove"],"grid":24},"attrs":[],"properties":{"ligatures":"highlight_remove","id":754,"order":87,"prevSize":24,"code":59730,"name":"highlight_remove"},"setIdx":1,"setId":2,"iconIdx":754},{"icon":{"paths":["M426 854h-212v-342h-128l426-384 426 384h-128v342h-212v-256h-172v256z"],"attrs":[],"isMulticolor":false,"isMulticolor2":false,"tags":["home"],"grid":24},"attrs":[],"properties":{"ligatures":"home","id":756,"order":178,"prevSize":24,"code":59819,"name":"home"},"setIdx":1,"setId":2,"iconIdx":756},{"icon":{"paths":["M554 384v-86h-84v86h84zM554 726v-256h-84v256h84zM512 86q176 0 301 125t125 301-125 301-301 125-301-125-125-301 125-301 301-125z"],"attrs":[],"isMulticolor":false,"isMulticolor2":false,"tags":["info"],"grid":24},"attrs":[],"properties":{"ligatures":"info","id":760,"order":6,"prevSize":24,"code":59675,"name":"info"},"setIdx":1,"setId":2,"iconIdx":760},{"icon":{"paths":["M470 384v-86h84v86h-84zM512 854q140 0 241-101t101-241-101-241-241-101-241 101-101 241 101 241 241 101zM512 86q176 0 301 125t125 301-125 301-301 125-301-125-125-301 125-301 301-125zM470 726v-256h84v256h-84z"],"attrs":[],"isMulticolor":false,"isMulticolor2":false,"tags":["info_outline"],"grid":24},"attrs":[],"properties":{"ligatures":"info_outline","id":761,"order":7,"prevSize":24,"code":59676,"name":"info_outline"},"setIdx":1,"setId":2,"iconIdx":761},{"icon":{"paths":["M768 854v-428h-512v428h512zM768 342q34 0 60 25t26 59v428q0 34-26 59t-60 25h-512q-34 0-60-25t-26-59v-428q0-34 26-59t60-25h388v-86q0-54-39-93t-93-39-93 39-39 93h-82q0-88 63-151t151-63 151 63 63 151v86h42zM512 726q-34 0-60-26t-26-60 26-60 60-26 60 26 26 60-26 60-60 26z"],"attrs":[],"isMulticolor":false,"isMulticolor2":false,"tags":["lock_open"],"grid":24},"attrs":[],"properties":{"ligatures":"lock_open","id":769,"order":182,"prevSize":24,"code":59831,"name":"lock_open"},"setIdx":1,"setId":2,"iconIdx":769},{"icon":{"paths":["M768 854v-428h-512v428h512zM380 256v86h264v-86q0-54-39-93t-93-39-93 39-39 93zM768 342q34 0 60 25t26 59v428q0 34-26 59t-60 25h-512q-34 0-60-25t-26-59v-428q0-34 26-59t60-25h42v-86q0-88 63-151t151-63 151 63 63 151v86h42zM512 726q-34 0-60-26t-26-60 26-60 60-26 60 26 26 60-26 60-60 26z"],"attrs":[],"isMulticolor":false,"isMulticolor2":false,"tags":["lock_outline"],"grid":24},"attrs":[],"properties":{"ligatures":"lock_outline","id":770,"order":183,"prevSize":24,"code":59832,"name":"lock_outline"},"setIdx":1,"setId":2,"iconIdx":770},{"icon":{"paths":["M512 426l170 172h-128v256h-84v-256h-128zM810 170q36 0 61 25t25 61v512q0 34-26 60t-60 26h-170v-86h170v-426h-596v426h170v86h-170q-36 0-61-25t-25-61v-512q0-36 25-61t61-25h596z"],"attrs":[],"isMulticolor":false,"isMulticolor2":false,"tags":["open_in_browser"],"grid":24},"attrs":[],"properties":{"ligatures":"open_in_browser","id":774,"order":164,"prevSize":24,"code":59806,"name":"open_in_browser"},"setIdx":1,"setId":2,"iconIdx":774},{"icon":{"paths":["M598 640v128h128l-214 214-214-214h128v-128h172zM982 512l-214 214v-128h-128v-172h128v-128zM384 426v172h-128v128l-214-214 214-214v128h128zM426 384v-128h-128l214-214 214 214h-128v128h-172z"],"attrs":[],"isMulticolor":false,"isMulticolor2":false,"tags":["open_with"],"grid":24},"attrs":[],"properties":{"ligatures":"open_with","id":775,"order":158,"prevSize":24,"code":59796,"name":"open_with"},"setIdx":1,"setId":2,"iconIdx":775},{"icon":{"paths":["M760 220q136 116 136 292 0 160-112 272t-272 112-272-112-112-272q0-72 40-158t96-134l60 60q-46 38-78 106t-32 126q0 124 87 211t211 87 211-87 87-211q0-58-32-126t-78-104zM554 128v426h-84v-426h84z"],"attrs":[],"isMulticolor":false,"isMulticolor2":false,"tags":["power_settings_new"],"grid":24},"attrs":[],"properties":{"ligatures":"power_settings_new","id":786,"order":166,"prevSize":24,"code":59807,"name":"power_settings_new"},"setIdx":1,"setId":2,"iconIdx":786},{"icon":{"paths":["M406 598q80 0 136-56t56-136-56-136-136-56-136 56-56 136 56 136 136 56zM662 598l212 212-64 64-212-212v-34l-12-12q-76 66-180 66-116 0-197-80t-81-196 81-197 197-81 196 81 80 197q0 42-20 95t-46 85l12 12h34z"],"attrs":[],"isMulticolor":false,"isMulticolor2":false,"tags":["search"],"grid":24},"attrs":[],"properties":{"ligatures":"search","id":789,"order":169,"prevSize":24,"code":59808,"name":"search"},"setIdx":1,"setId":2,"iconIdx":789},{"icon":{"paths":["M512 662q62 0 106-44t44-106-44-106-106-44-106 44-44 106 44 106 106 44zM830 554l90 70q14 10 4 28l-86 148q-8 14-26 8l-106-42q-42 30-72 42l-16 112q-4 18-20 18h-172q-16 0-20-18l-16-112q-38-16-72-42l-106 42q-18 6-26-8l-86-148q-10-18 4-28l90-70q-2-14-2-42t2-42l-90-70q-14-10-4-28l86-148q8-14 26-8l106 42q42-30 72-42l16-112q4-18 20-18h172q16 0 20 18l16 112q38 16 72 42l106-42q18-6 26 8l86 148q10 18-4 28l-90 70q2 14 2 42t-2 42z"],"attrs":[],"isMulticolor":false,"isMulticolor2":false,"tags":["settings"],"grid":24},"attrs":[],"properties":{"ligatures":"settings","id":790,"order":103,"prevSize":24,"code":59743,"name":"settings"},"setIdx":1,"setId":2,"iconIdx":790},{"icon":{"paths":["M298 426h214v214h-214v-214zM810 810v-468h-596v468h596zM810 128q34 0 60 26t26 60v596q0 34-26 60t-60 26h-596q-36 0-61-25t-25-61v-596q0-34 25-60t61-26h42v-86h86v86h340v-86h86v86h42z"],"attrs":[],"isMulticolor":false,"isMulticolor2":false,"tags":["today"],"grid":24},"attrs":[],"properties":{"ligatures":"today","id":824,"order":32,"prevSize":24,"code":59677,"name":"today"},"setIdx":1,"setId":2,"iconIdx":824},{"icon":{"paths":["M682 256h256v256l-98-98-268 268-170-170-256 256-60-60 316-316 170 170 208-208z"],"attrs":[],"isMulticolor":false,"isMulticolor2":false,"tags":["trending_up"],"grid":24},"attrs":[],"properties":{"ligatures":"trending_up","id":830,"order":100,"prevSize":24,"code":59741,"name":"trending_up"},"setIdx":1,"setId":2,"iconIdx":830},{"icon":{"paths":["M768 256h170v470h-170v-470zM86 726v-470h170v470h-170zM298 810v-640h428v640h-428z"],"attrs":[],"isMulticolor":false,"isMulticolor2":false,"tags":["view_carousel"],"grid":24},"attrs":[],"properties":{"ligatures":"view_carousel","id":834,"order":186,"prevSize":24,"code":59833,"name":"view_carousel"},"setIdx":1,"setId":2,"iconIdx":834},{"icon":{"paths":["M506 384h6q52 0 90 38t38 90v8zM322 418q-24 48-24 94 0 88 63 151t151 63q46 0 94-24l-66-66q-16 4-28 4-52 0-90-38t-38-90q0-12 4-28zM86 182l54-54 756 756-54 54q-10-10-63-62t-81-80q-86 36-186 36-158 0-286-88t-184-232q22-52 69-115t91-97q-24-24-67-68t-49-50zM512 298q-40 0-78 16l-92-92q78-30 170-30 158 0 285 88t183 232q-48 118-146 202l-124-124q16-38 16-78 0-88-63-151t-151-63z"],"attrs":[],"isMulticolor":false,"isMulticolor2":false,"tags":["visibility_off"],"grid":24},"attrs":[],"properties":{"ligatures":"visibility_off","id":843,"order":84,"prevSize":24,"code":59727,"name":"visibility_off"},"setIdx":1,"setId":2,"iconIdx":843},{"icon":{"paths":["M512 426h-86v86h-42v-86h-86v-42h86v-86h42v86h86v42zM406 598q80 0 136-56t56-136-56-136-136-56-136 56-56 136 56 136 136 56zM662 598l212 212-64 64-212-212v-34l-12-12q-76 66-180 66-116 0-197-80t-81-196 81-197 197-81 196 81 80 197q0 42-20 95t-46 85l12 12h34z"],"attrs":[],"isMulticolor":false,"isMulticolor2":false,"tags":["zoom_in"],"grid":24},"attrs":[],"properties":{"ligatures":"zoom_in","id":852,"order":137,"prevSize":24,"code":59799,"name":"zoom_in"},"setIdx":1,"setId":2,"iconIdx":852},{"icon":{"paths":["M298 384h214v42h-214v-42zM406 598q80 0 136-56t56-136-56-136-136-56-136 56-56 136 56 136 136 56zM662 598l212 212-64 64-212-212v-34l-12-12q-76 66-180 66-116 0-197-80t-81-196 81-197 197-81 196 81 80 197q0 42-20 95t-46 85l12 12h34z"],"attrs":[],"isMulticolor":false,"isMulticolor2":false,"tags":["zoom_out"],"grid":24},"attrs":[],"properties":{"ligatures":"zoom_out","id":853,"order":138,"prevSize":24,"code":59800,"name":"zoom_out"},"setIdx":1,"setId":2,"iconIdx":853},{"icon":{"paths":["M640 554l-170-170 170-170v128h298v84h-298v128zM384 598v-128l170 170-170 170v-128h-298v-84h298z"],"attrs":[],"isMulticolor":false,"isMulticolor2":false,"tags":["compare_arrows"],"grid":24},"attrs":[],"properties":{"ligatures":"compare_arrows","id":871,"order":170,"prevSize":24,"code":59809,"name":"compare_arrows"},"setIdx":1,"setId":2,"iconIdx":871},{"icon":{"paths":["M982 342q0 34-26 59t-60 25h-2q-14 0-20-2l-152 152q4 12 4 22 0 34-26 59t-60 25-60-25-26-59q0-10 4-22l-110-110q-12 4-22 4t-22-4l-194 194q4 12 4 22 0 34-26 60t-60 26-60-26-26-60 26-59 60-25q16 0 22 2l194-194q-2-6-2-22 0-34 25-60t59-26 60 26 26 60q0 16-2 22l108 108q6-2 22-2t22 2l152-150q-4-12-4-22 0-34 26-60t60-26 60 26 26 60z"],"attrs":[],"isMulticolor":false,"isMulticolor2":false,"tags":["timeline"],"grid":24},"attrs":[],"properties":{"ligatures":"timeline","id":884,"order":101,"prevSize":24,"code":59744,"name":"timeline"},"setIdx":1,"setId":2,"iconIdx":884},{"icon":{"paths":["M982 234v620q0 70-51 120t-121 50h-310q-72 0-122-50l-336-342q54-52 56-52 14-12 34-12 14 0 26 6l184 104v-508q0-26 19-45t45-19 45 19 19 45v300h42v-406q0-28 18-46t46-18 46 18 18 46v406h42v-364q0-26 19-45t45-19 45 19 19 45v364h44v-236q0-26 19-45t45-19 45 19 19 45z"],"attrs":[],"isMulticolor":false,"isMulticolor2":false,"tags":["pan_tool"],"grid":24},"attrs":[],"properties":{"ligatures":"pan_tool","id":887,"order":171,"prevSize":24,"code":59810,"name":"pan_tool"},"setIdx":1,"setId":2,"iconIdx":887},{"icon":{"paths":["M662 170h148v86h-596v-86h148l44-42h212zM360 506l92 92-90 90 60 60 90-90 90 90 60-60-90-90 90-92-60-60-90 92-90-92zM256 810v-512h512v512q0 34-26 60t-60 26h-340q-34 0-60-26t-26-60z"],"attrs":[],"isMulticolor":false,"isMulticolor2":false,"tags":["delete_forever"],"grid":24},"attrs":[],"properties":{"ligatures":"delete_forever","id":893,"order":88,"prevSize":24,"code":59731,"name":"delete_forever"},"setIdx":1,"setId":2,"iconIdx":893},{"icon":{"paths":["M512 854q140 0 241-101t101-241-101-241-241-101-241 101-101 241 101 241 241 101zM512 86q176 0 301 125t125 301-125 301-301 125-301-125-125-301 125-301 301-125zM708 324l60 60-342 342-212-214 60-60 152 152z"],"attrs":[],"isMulticolor":false,"isMulticolor2":false,"tags":["check_circle_outline"],"grid":24},"attrs":[],"properties":{"ligatures":"check_circle_outline","id":895,"order":4,"prevSize":24,"code":59678,"name":"check_circle_outline"},"setIdx":1,"setId":2,"iconIdx":895},{"icon":{"paths":["M662 170h148v86h-596v-86h148l44-42h212zM342 384v426h340v-426h-340zM256 810v-512h512v512q0 34-26 60t-60 26h-340q-34 0-60-26t-26-60z"],"attrs":[],"isMulticolor":false,"isMulticolor2":false,"tags":["delete_outline"],"grid":24},"attrs":[],"properties":{"ligatures":"delete_outline","id":896,"order":89,"prevSize":24,"code":59732,"name":"delete_outline"},"setIdx":1,"setId":2,"iconIdx":896},{"icon":{"paths":["M844 94l180 180-664 664-360-360 180-180 180 180zM844 214l-484 484-180-178-60 58 240 240 544-544z"],"attrs":[],"isMulticolor":false,"isMulticolor2":false,"tags":["done_outline"],"grid":24},"attrs":[],"properties":{"ligatures":"done_outline","id":897,"order":172,"prevSize":24,"code":59811,"name":"done_outline"},"setIdx":1,"setId":2,"iconIdx":897},{"icon":{"paths":["M854 896v-554h-684v554h684zM854 128q34 0 59 26t25 60v682q0 34-25 60t-59 26h-684q-34 0-59-26t-25-60v-682q0-34 25-60t59-26h44v-86h84v86h428v-86h84v86h44z"],"attrs":[],"isMulticolor":false,"isMulticolor2":false,"tags":["calendar_today"],"grid":24},"attrs":[],"properties":{"ligatures":"calendar_today","id":903,"order":33,"prevSize":24,"code":59679,"name":"calendar_today"},"setIdx":1,"setId":2,"iconIdx":903},{"icon":{"paths":["M600 256v-88h-174v88h174zM938 340v440l-594-598v-14q0-36 24-60t60-22h172q36-2 60 22t24 60v88h172q36-2 60 23t22 61zM982 928l-54 54-88-88h-668q-36 0-60-25t-24-61v-468q0-36 24-61t60-25h28l-116-116 54-54z"],"attrs":[],"isMulticolor":false,"isMulticolor2":false,"tags":["work_off"],"grid":24},"attrs":[],"properties":{"ligatures":"work_off","id":916,"order":167,"prevSize":24,"code":59812,"name":"work_off"},"setIdx":1,"setId":2,"iconIdx":916},{"icon":{"paths":["M86 214l84-86 684 682-86 86-240-240-240 240h-160v-160l240-240zM884 240q12 12 12 30 0 16-12 28l-78 80-160-160 78-78q12-12 30-12t30 12zM518 346l82-82 160 160-82 82z"],"attrs":[],"isMulticolor":false,"isMulticolor2":false,"tags":["edit_off"],"grid":24},"attrs":[],"properties":{"ligatures":"edit_off","id":928,"order":49,"prevSize":24,"code":59693,"name":"edit_off"},"setIdx":1,"setId":2,"iconIdx":928},{"icon":{"paths":["M342 556l170-172 170 172-60 60-68-68v178h-84v-178l-68 68zM854 768v-426h-684v426h684zM854 256q34 0 59 26t25 60v426q0 34-25 60t-59 26h-684q-34 0-59-26t-25-60v-512q0-34 25-60t59-26h256l86 86h342z"],"attrs":[],"isMulticolor":false,"isMulticolor2":false,"tags":["drive_folder_upload"],"grid":24},"attrs":[],"properties":{"ligatures":"drive_folder_upload","id":989,"order":165,"prevSize":24,"code":59813,"name":"drive_folder_upload"},"setIdx":1,"setId":2,"iconIdx":989},{"icon":{"paths":["M810 810v-170h-170v170h170zM554 554h342v342h-342v-342zM810 384v-170h-170v170h170zM554 128h342v342h-342v-342zM384 810v-170h-170v170h170zM128 554h342v342h-342v-342zM384 384v-170h-170v170h170zM128 128h342v342h-342v-342z"],"attrs":[],"isMulticolor":false,"isMulticolor2":false,"tags":["grid_view"],"grid":24},"attrs":[],"properties":{"ligatures":"grid_view","id":994,"order":173,"prevSize":24,"code":59814,"name":"grid_view"},"setIdx":1,"setId":2,"iconIdx":994},{"icon":{"paths":["M320 238l106 60-60-106 60-106-106 60-106-60 60 106-60 106zM832 658l-106-60 60 106-60 106 106-60 106 60-60-106 60-106zM938 86l-106 60-106-60 60 106-60 106 106-60 106 60-60-106zM614 312q-14-14-31-14t-31 14l-496 496q-14 14-14 31t14 31l98 98q14 14 31 14t31-14l496-496q14-14 14-31t-14-29l-98-100zM570 546l-92-92 104-104 92 92-104 104z"],"attrs":[],"isMulticolor":false,"isMulticolor2":false,"tags":["auto_fix_high"],"grid":24},"attrs":[],"properties":{"ligatures":"auto_fix_high","id":1170,"order":174,"prevSize":24,"code":59815,"name":"auto_fix_high"},"setIdx":1,"setId":2,"iconIdx":1170},{"icon":{"paths":["M938 146l-226 226 142 140h-342v-342l140 142 226-226zM146 938l226-226 140 142v-342h-342l142 140-226 226z"],"attrs":[],"isMulticolor":false,"isMulticolor2":false,"tags":["close_fullscreen"],"grid":24},"attrs":[],"properties":{"ligatures":"close_fullscreen","id":1193,"order":39,"prevSize":24,"code":59683,"name":"close_fullscreen"},"setIdx":1,"setId":2,"iconIdx":1193},{"icon":{"paths":["M896 342q-30 0-51 17t-30 42-1 47l-152 152q-22-6-44 0l-108-108q6-24-2-49t-29-42-53-17q-30 0-51 17t-29 42-2 49l-194 194q-24-8-48 1t-42 30-18 51q0 36 25 61t61 25q30 0 51-18t30-42 1-48l194-194q22 6 44 0l110 108q-8 24 0 49t29 42 53 17q30 0 51-17t30-42 1-49l152-150q24 6 48-2t42-29 18-53q0-34-25-59t-61-25zM640 384l40-88 88-40-88-40-40-88-40 88-88 40 88 40zM150 470l20-86 86-22-86-20-20-86-22 86-86 20 86 22z"],"attrs":[],"isMulticolor":false,"isMulticolor2":false,"tags":["insights"],"grid":24},"attrs":[],"properties":{"ligatures":"insights","id":1247,"order":175,"prevSize":24,"code":59816,"name":"insights"},"setIdx":1,"setId":2,"iconIdx":1247},{"icon":{"paths":["M628 752q-10 10-25 18t-27 12q-36 12-71 1t-59-31q-4-4-3-8t5-6q38-12 60-38t30-56q6-28-2-54t-12-54q-4-22-3-43t9-41q0-4 4-4t6 2q12 26 31 46t40 38 38 39 21 49q2 12 2 22 2 30-10 60t-34 48zM748 410q-24-22-50-40t-50-42q-48-48-63-112t5-130q4-10-3-17t-17-3q-24 10-45 24t-41 28q-62 52-98 123t-41 152 25 159q0 4 1 8t1 8q0 18-16 26t-32-6q-4-6-6-10-32-40-43-91t-3-101q2-12-9-18t-19 4q-40 52-58 115t-14 127q0 18 3 37t9 37q14 48 38 88 38 64 102 107t138 53q78 10 157-8t139-72q44-42 69-97t27-115-22-116q-2-4-3-7t-3-7q-18-34-40-62-8-12-17-22t-21-20z"],"attrs":[],"isMulticolor":false,"isMulticolor2":false,"tags":["local_fire_department"],"grid":24},"attrs":[],"properties":{"ligatures":"local_fire_department","id":1251,"order":176,"prevSize":24,"code":59817,"name":"local_fire_department"},"setIdx":1,"setId":2,"iconIdx":1251},{"icon":{"paths":["M682 768v86h-340v-86h340zM470 340v342h84v-342h128l-170-170-170 170h128z"],"attrs":[],"isMulticolor":false,"isMulticolor2":false,"tags":["upgrade"],"grid":24},"attrs":[],"properties":{"ligatures":"upgrade","id":1374,"order":45,"prevSize":24,"code":59689,"name":"upgrade"},"setIdx":1,"setId":2,"iconIdx":1374},{"icon":{"paths":["M640 896h-86v-86h86v86zM554 598h-84v212h84v-212zM896 512h-86v170h86v-170zM810 426h-84v86h84v-86zM298 512h-84v86h84v-86zM214 426h-86v86h86v-86zM512 214h86v-86h-86v86zM192 192v128h128v-128h-128zM384 384h-256v-256h256v256zM192 704v128h128v-128h-128zM384 896h-256v-256h256v256zM704 192v128h128v-128h-128zM896 384h-256v-256h256v256zM810 810v-128h-170v86h86v128h170v-86h-86zM726 512h-172v86h172v-86zM554 426h-256v86h86v86h86v-86h84v-86zM598 384v-86h-86v-84h-86v170h172zM288 224h-64v64h64v-64zM288 736h-64v64h64v-64zM800 224h-64v64h64v-64z"],"attrs":[],"isMulticolor":false,"isMulticolor2":false,"tags":["qr_code_2"],"grid":24},"attrs":[],"properties":{"ligatures":"qr_code_2","id":1421,"order":177,"prevSize":24,"code":59818,"name":"qr_code_2"},"setIdx":1,"setId":2,"iconIdx":1421}],"height":1024,"metadata":{"name":"icomoon"},"preferences":{"showGlyphs":true,"showQuickUse":true,"showQuickUse2":true,"showSVGs":true,"fontPref":{"prefix":"icon-","metadata":{"fontFamily":"icomoon","majorVersion":1,"minorVersion":0},"metrics":{"emSize":1024,"baseline":6.25,"whitespace":50},"embed":false,"showSelector":false,"showMetrics":false,"showMetadata":false,"showVersion":false,"noie8":false,"ie7":false,"cssVars":true,"cssVarsFormat":"scss_new","flutter":false},"imagePref":{"prefix":"icon-","png":true,"useClassSelector":true,"color":0,"bgColor":16777215,"classSelector":".icon","name":"icomoon"},"historySize":50,"showCodes":true,"gridSize":16}}